"display_group_type","display_group","pair_id","pair_label","n_centroids","source_records_represented","n_forward_scorable","forward_scorable_fraction","n_reverse_scorable","reverse_scorable_fraction","n_pair_scorable","pair_scorable_fraction","forward_median_penalty","reverse_median_penalty","pair_median_penalty","pair_mean_penalty","pair_p90_penalty","perfect_match_fraction_among_scorable","terminal_3_mismatch_fraction_among_scorable","group_definition","group_caveat","reference_suitable","reference_suitability"
"Composite clade","Acari","ANML","ANML",1732,6100,0,0,1706,0.984988452655889,0,0,,113.55,,,,,,"Ixodida | Mesostigmata | Sarcoptiformes | Trombidiformes | Opilioacarida | Holothyrida","Acari is a composite arachnid clade here, not a single modern order.",FALSE,"binding-region incomplete"
"Composite clade","Collembola","ANML","ANML",356,5823,3,0.00842696629213483,349,0.980337078651685,3,0.00842696629213483,115.15,147.45,193.8,216.95,261.72,0,0.333333333333333,"Entomobryomorpha | Poduromorpha | Symphypleona | Neelipleona","Collembola is a composite hexapod clade here, not a single modern order.",FALSE,"binding-region incomplete"
"Lepidoptera study lens","Boundary / convention-sensitive moths","ANML","ANML",158,356,0,0,158,1,0,0,,12.775,,,,,,"Castniidae | Megalopygidae | Mimallonidae | Sesiidae | Thyrididae | Zygaenidae","Large-bodied families whose micro/macro placement varies by convention.",FALSE,"binding-region incomplete"
"Lepidoptera study lens","Butterflies (Papilionoidea)","ANML","ANML",733,1894,3,0.00409276944065484,728,0.993178717598909,3,0.00409276944065484,66.4,60.2,75,151.833333333333,260.72,0,0.333333333333333,"Hedylidae | Hesperiidae | Lycaenidae | Nymphalidae | Papilionidae | Pieridae | Riodinidae","Butterflies are shown separately instead of being forced into a moth size bin.",FALSE,"binding-region incomplete"
"Lepidoptera study lens","Macroheterocera (macro-moth core)","ANML","ANML",2397,6296,13,0.00542344597413433,2375,0.990821860659157,13,0.00542344597413433,64.8,50.2,64.8,67.45,87.87,0,0,"Apatelodidae | Bombycidae | Drepanidae | Erebidae | Eupterotidae | Euteliidae | Geometridae | Lasiocampidae | Lemoniidae | Noctuidae | Nolidae | Notodontidae | Saturniidae | Sphingidae | Uraniidae","A phylogenetic macro-moth core; this is more defensible than a body-size cutoff.",FALSE,"binding-region incomplete"
"Lepidoptera study lens","Microlepidoptera (operational grade)","ANML","ANML",1522,6746,3,0.00197109067017083,1518,0.997371879106439,3,0.00197109067017083,88.8,14,164.9,168.933333333333,245.22,0,0.333333333333333,"Remaining represented Lepidoptera families after explicit butterfly, Macroheterocera, and boundary assignments.","Microlepidoptera is an operational, non-monophyletic grade.",FALSE,"binding-region incomplete"
"Composite clade","Acari","ARF","ARF1 + Fol-degen",1732,6100,1710,0.98729792147806,3,0.00173210161662818,1,0.000577367205542725,13.9,0,499.75,499.75,499.75,0,0,"Ixodida | Mesostigmata | Sarcoptiformes | Trombidiformes | Opilioacarida | Holothyrida","Acari is a composite arachnid clade here, not a single modern order.",FALSE,"binding-region incomplete"
"Composite clade","Collembola","ARF","ARF1 + Fol-degen",356,5823,350,0.98314606741573,0,0,0,0,0,,,,,,,"Entomobryomorpha | Poduromorpha | Symphypleona | Neelipleona","Collembola is a composite hexapod clade here, not a single modern order.",FALSE,"binding-region incomplete"
"Lepidoptera study lens","Boundary / convention-sensitive moths","ARF","ARF1 + Fol-degen",158,356,158,1,0,0,0,0,0,,,,,,,"Castniidae | Megalopygidae | Mimallonidae | Sesiidae | Thyrididae | Zygaenidae","Large-bodied families whose micro/macro placement varies by convention.",FALSE,"binding-region incomplete"
"Lepidoptera study lens","Butterflies (Papilionoidea)","ARF","ARF1 + Fol-degen",733,1894,729,0.994542974079127,17,0.0231923601637108,17,0.0231923601637108,0,0,0,2.30823529411765,7.84800000000001,0.88235294117647,0,"Hedylidae | Hesperiidae | Lycaenidae | Nymphalidae | Papilionidae | Pieridae | Riodinidae","Butterflies are shown separately instead of being forced into a moth size bin.",FALSE,"binding-region incomplete"
"Lepidoptera study lens","Macroheterocera (macro-moth core)","ARF","ARF1 + Fol-degen",2397,6296,2372,0.989570296203588,4,0.00166875260742595,4,0.00166875260742595,0,0,0,4.905,13.734,0.75,0,"Apatelodidae | Bombycidae | Drepanidae | Erebidae | Eupterotidae | Euteliidae | Geometridae | Lasiocampidae | Lemoniidae | Noctuidae | Nolidae | Notodontidae | Saturniidae | Sphingidae | Uraniidae","A phylogenetic macro-moth core; this is more defensible than a body-size cutoff.",FALSE,"binding-region incomplete"
"Lepidoptera study lens","Microlepidoptera (operational grade)","ARF","ARF1 + Fol-degen",1522,6746,1518,0.997371879106439,2,0.00131406044678055,1,0.000657030223390276,0,1507.9,0,0,0,1,0,"Remaining represented Lepidoptera families after explicit butterfly, Macroheterocera, and boundary assignments.","Microlepidoptera is an operational, non-monophyletic grade.",FALSE,"binding-region incomplete"
"Composite clade","Acari","BEEPRIME","BeePrime",1732,6100,1661,0.959006928406467,1725,0.995958429561201,1655,0.95554272517321,198.4,75.25,308.67,404.463311178248,836.342,0,0.406042296072508,"Ixodida | Mesostigmata | Sarcoptiformes | Trombidiformes | Opilioacarida | Holothyrida","Acari is a composite arachnid clade here, not a single modern order.",TRUE,"usable"
"Composite clade","Collembola","BEEPRIME","BeePrime",356,5823,337,0.946629213483146,350,0.98314606741573,331,0.929775280898876,707.1,34.98,765.3,831.673625377643,998.8,0,1,"Entomobryomorpha | Poduromorpha | Symphypleona | Neelipleona","Collembola is a composite hexapod clade here, not a single modern order.",TRUE,"usable"
"Lepidoptera study lens","Boundary / convention-sensitive moths","BEEPRIME","BeePrime",158,356,155,0.981012658227848,158,1,155,0.981012658227848,100.3,5.6,112.7,104.677032258065,168.5,0,0.0258064516129032,"Castniidae | Megalopygidae | Mimallonidae | Sesiidae | Thyrididae | Zygaenidae","Large-bodied families whose micro/macro placement varies by convention.",TRUE,"usable"
"Lepidoptera study lens","Butterflies (Papilionoidea)","BEEPRIME","BeePrime",733,1894,720,0.982264665757162,730,0.995907230559345,718,0.979536152796726,112.7,5.6,118.3,135.144484679666,201.29,0,0.0362116991643454,"Hedylidae | Hesperiidae | Lycaenidae | Nymphalidae | Papilionidae | Pieridae | Riodinidae","Butterflies are shown separately instead of being forced into a moth size bin.",TRUE,"usable"
"Lepidoptera study lens","Macroheterocera (macro-moth core)","BEEPRIME","BeePrime",2397,6296,2363,0.985815602836879,2393,0.998331247392574,2359,0.984146850229453,112.7,5.6,118.3,132.646532428995,188.12,0,0.0610428147520136,"Apatelodidae | Bombycidae | Drepanidae | Erebidae | Eupterotidae | Euteliidae | Geometridae | Lasiocampidae | Lemoniidae | Noctuidae | Nolidae | Notodontidae | Saturniidae | Sphingidae | Uraniidae","A phylogenetic macro-moth core; this is more defensible than a body-size cutoff.",TRUE,"usable"
"Lepidoptera study lens","Microlepidoptera (operational grade)","BEEPRIME","BeePrime",1522,6746,1504,0.988173455978975,1519,0.998028909329829,1503,0.987516425755585,112.05,5.6,118.3,140.466513639388,222.12,0,0.0838323353293413,"Remaining represented Lepidoptera families after explicit butterfly, Macroheterocera, and boundary assignments.","Microlepidoptera is an operational, non-monophyletic grade.",TRUE,"usable"
"Composite clade","Acari","BF1_BR1","BF1 + BR1",1732,6100,1726,0.996535796766744,1549,0.894341801385681,1546,0.892609699769053,17.62,0,19.62,77.0445213454075,244.085,0.350582147477361,0.0627425614489004,"Ixodida | Mesostigmata | Sarcoptiformes | Trombidiformes | Opilioacarida | Holothyrida","Acari is a composite arachnid clade here, not a single modern order.",TRUE,"usable"
"Composite clade","Collembola","BF1_BR1","BF1 + BR1",356,5823,351,0.985955056179775,277,0.778089887640449,274,0.769662921348315,0,0,17.62,70.1849270072993,138.35,0.456204379562044,0.0875912408759124,"Entomobryomorpha | Poduromorpha | Symphypleona | Neelipleona","Collembola is a composite hexapod clade here, not a single modern order.",TRUE,"usable"
"Lepidoptera study lens","Boundary / convention-sensitive moths","BF1_BR1","BF1 + BR1",158,356,158,1,156,0.987341772151899,156,0.987341772151899,0,0,0,19.8687179487179,45.15,0.826923076923077,0.0576923076923077,"Castniidae | Megalopygidae | Mimallonidae | Sesiidae | Thyrididae | Zygaenidae","Large-bodied families whose micro/macro placement varies by convention.",TRUE,"usable"
"Lepidoptera study lens","Butterflies (Papilionoidea)","BF1_BR1","BF1 + BR1",733,1894,730,0.995907230559345,705,0.961800818553888,703,0.959072305593452,0,0,0,17.865519203414,45.15,0.836415362731152,0.0369843527738265,"Hedylidae | Hesperiidae | Lycaenidae | Nymphalidae | Papilionidae | Pieridae | Riodinidae","Butterflies are shown separately instead of being forced into a moth size bin.",TRUE,"usable"
"Lepidoptera study lens","Macroheterocera (macro-moth core)","BF1_BR1","BF1 + BR1",2397,6296,2393,0.998331247392574,2265,0.944931163954944,2261,0.943262411347518,0,0,0,18.9373153471915,35.6,0.84608580274215,0.053516143299425,"Apatelodidae | Bombycidae | Drepanidae | Erebidae | Eupterotidae | Euteliidae | Geometridae | Lasiocampidae | Lemoniidae | Noctuidae | Nolidae | Notodontidae | Saturniidae | Sphingidae | Uraniidae","A phylogenetic macro-moth core; this is more defensible than a body-size cutoff.",TRUE,"usable"
"Lepidoptera study lens","Microlepidoptera (operational grade)","BF1_BR1","BF1 + BR1",1522,6746,1519,0.998028909329829,1306,0.8580814717477,1303,0.85611038107753,0,0,0,28.0426784343822,45.15,0.794320798158097,0.0744435917114352,"Remaining represented Lepidoptera families after explicit butterfly, Macroheterocera, and boundary assignments.","Microlepidoptera is an operational, non-monophyletic grade.",TRUE,"usable"
"Composite clade","Acari","BF1_BR2","BF1 + BR2",1732,6100,1726,0.996535796766744,3,0.00173210161662818,3,0.00173210161662818,17.62,0,61.9,61.9,61.9,0,0,"Ixodida | Mesostigmata | Sarcoptiformes | Trombidiformes | Opilioacarida | Holothyrida","Acari is a composite arachnid clade here, not a single modern order.",FALSE,"binding-region incomplete"
"Composite clade","Collembola","BF1_BR2","BF1 + BR2",356,5823,351,0.985955056179775,0,0,0,0,0,,,,,,,"Entomobryomorpha | Poduromorpha | Symphypleona | Neelipleona","Collembola is a composite hexapod clade here, not a single modern order.",FALSE,"binding-region incomplete"
"Lepidoptera study lens","Boundary / convention-sensitive moths","BF1_BR2","BF1 + BR2",158,356,158,1,0,0,0,0,0,,,,,,,"Castniidae | Megalopygidae | Mimallonidae | Sesiidae | Thyrididae | Zygaenidae","Large-bodied families whose micro/macro placement varies by convention.",FALSE,"binding-region incomplete"
"Lepidoptera study lens","Butterflies (Papilionoidea)","BF1_BR2","BF1 + BR2",733,1894,730,0.995907230559345,20,0.0272851296043656,20,0.0272851296043656,0,0,0,4.2195,19.62,0.85,0,"Hedylidae | Hesperiidae | Lycaenidae | Nymphalidae | Papilionidae | Pieridae | Riodinidae","Butterflies are shown separately instead of being forced into a moth size bin.",FALSE,"binding-region incomplete"
"Lepidoptera study lens","Macroheterocera (macro-moth core)","BF1_BR2","BF1 + BR2",2397,6296,2393,0.998331247392574,4,0.00166875260742595,4,0.00166875260742595,0,0,0,0,0,1,0,"Apatelodidae | Bombycidae | Drepanidae | Erebidae | Eupterotidae | Euteliidae | Geometridae | Lasiocampidae | Lemoniidae | Noctuidae | Nolidae | Notodontidae | Saturniidae | Sphingidae | Uraniidae","A phylogenetic macro-moth core; this is more defensible than a body-size cutoff.",FALSE,"binding-region incomplete"
"Lepidoptera study lens","Microlepidoptera (operational grade)","BF1_BR2","BF1 + BR2",1522,6746,1519,0.998028909329829,3,0.00197109067017083,2,0.00131406044678055,0,29.75,14.875,14.875,26.775,0.5,0,"Remaining represented Lepidoptera families after explicit butterfly, Macroheterocera, and boundary assignments.","Microlepidoptera is an operational, non-monophyletic grade.",FALSE,"binding-region incomplete"
"Composite clade","Acari","BF2_BR1","BF2 + BR1",1732,6100,1711,0.987875288683603,1549,0.894341801385681,1531,0.883949191685912,20.4,0,20.4,90.019797517962,227.83,0.338994121489223,0.069888961463096,"Ixodida | Mesostigmata | Sarcoptiformes | Trombidiformes | Opilioacarida | Holothyrida","Acari is a composite arachnid clade here, not a single modern order.",TRUE,"usable"
"Composite clade","Collembola","BF2_BR1","BF2 + BR1",356,5823,350,0.98314606741573,277,0.778089887640449,275,0.77247191011236,0,0,0,112.037854545455,254.7,0.596363636363636,0.105454545454545,"Entomobryomorpha | Poduromorpha | Symphypleona | Neelipleona","Collembola is a composite hexapod clade here, not a single modern order.",TRUE,"usable"
"Lepidoptera study lens","Boundary / convention-sensitive moths","BF2_BR1","BF2 + BR1",158,356,158,1,156,0.987341772151899,156,0.987341772151899,0,0,0,16.3614102564103,3.1,0.897435897435897,0.0576923076923077,"Castniidae | Megalopygidae | Mimallonidae | Sesiidae | Thyrididae | Zygaenidae","Large-bodied families whose micro/macro placement varies by convention.",TRUE,"usable"
"Lepidoptera study lens","Butterflies (Papilionoidea)","BF2_BR1","BF2 + BR1",733,1894,729,0.994542974079127,705,0.961800818553888,701,0.956343792633015,0,0,0,17.5370756062768,0,0.94151212553495,0.0385164051355207,"Hedylidae | Hesperiidae | Lycaenidae | Nymphalidae | Papilionidae | Pieridae | Riodinidae","Butterflies are shown separately instead of being forced into a moth size bin.",TRUE,"usable"
"Lepidoptera study lens","Macroheterocera (macro-moth core)","BF2_BR1","BF2 + BR1",2397,6296,2374,0.990404672507301,2265,0.944931163954944,2243,0.935753024614101,0,0,0,20.4245965225144,0,0.921979491752118,0.0557289344627731,"Apatelodidae | Bombycidae | Drepanidae | Erebidae | Eupterotidae | Euteliidae | Geometridae | Lasiocampidae | Lemoniidae | Noctuidae | Nolidae | Notodontidae | Saturniidae | Sphingidae | Uraniidae","A phylogenetic macro-moth core; this is more defensible than a body-size cutoff.",TRUE,"usable"
"Lepidoptera study lens","Microlepidoptera (operational grade)","BF2_BR1","BF2 + BR1",1522,6746,1518,0.997371879106439,1306,0.8580814717477,1303,0.85611038107753,0,0,0,27.3625940138142,27.42,0.876438986953185,0.0752110514198005,"Remaining represented Lepidoptera families after explicit butterfly, Macroheterocera, and boundary assignments.","Microlepidoptera is an operational, non-monophyletic grade.",TRUE,"usable"
"Composite clade","Acari","BF2_BR2","BF2 + BR2",1732,6100,1711,0.987875288683603,3,0.00173210161662818,1,0.000577367205542725,20.4,0,807.2,807.2,807.2,0,0,"Ixodida | Mesostigmata | Sarcoptiformes | Trombidiformes | Opilioacarida | Holothyrida","Acari is a composite arachnid clade here, not a single modern order.",FALSE,"binding-region incomplete"
"Composite clade","Collembola","BF2_BR2","BF2 + BR2",356,5823,350,0.98314606741573,0,0,0,0,0,,,,,,,"Entomobryomorpha | Poduromorpha | Symphypleona | Neelipleona","Collembola is a composite hexapod clade here, not a single modern order.",FALSE,"binding-region incomplete"
"Lepidoptera study lens","Boundary / convention-sensitive moths","BF2_BR2","BF2 + BR2",158,356,158,1,0,0,0,0,0,,,,,,,"Castniidae | Megalopygidae | Mimallonidae | Sesiidae | Thyrididae | Zygaenidae","Large-bodied families whose micro/macro placement varies by convention.",FALSE,"binding-region incomplete"
"Lepidoptera study lens","Butterflies (Papilionoidea)","BF2_BR2","BF2 + BR2",733,1894,729,0.994542974079127,20,0.0272851296043656,20,0.0272851296043656,0,0,0,0,0,1,0,"Hedylidae | Hesperiidae | Lycaenidae | Nymphalidae | Papilionidae | Pieridae | Riodinidae","Butterflies are shown separately instead of being forced into a moth size bin.",FALSE,"binding-region incomplete"
"Lepidoptera study lens","Macroheterocera (macro-moth core)","BF2_BR2","BF2 + BR2",2397,6296,2374,0.990404672507301,4,0.00166875260742595,4,0.00166875260742595,0,0,0,0,0,1,0,"Apatelodidae | Bombycidae | Drepanidae | Erebidae | Eupterotidae | Euteliidae | Geometridae | Lasiocampidae | Lemoniidae | Noctuidae | Nolidae | Notodontidae | Saturniidae | Sphingidae | Uraniidae","A phylogenetic macro-moth core; this is more defensible than a body-size cutoff.",FALSE,"binding-region incomplete"
"Lepidoptera study lens","Microlepidoptera (operational grade)","BF2_BR2","BF2 + BR2",1522,6746,1518,0.997371879106439,3,0.00197109067017083,2,0.00131406044678055,0,29.75,14.875,14.875,26.775,0.5,0,"Remaining represented Lepidoptera families after explicit butterfly, Macroheterocera, and boundary assignments.","Microlepidoptera is an operational, non-monophyletic grade.",FALSE,"binding-region incomplete"
"Composite clade","Acari","BF3_BR2","BF3 + BR2",1732,6100,1710,0.98729792147806,3,0.00173210161662818,1,0.000577367205542725,6.95,0,495.1,495.1,495.1,0,0,"Ixodida | Mesostigmata | Sarcoptiformes | Trombidiformes | Opilioacarida | Holothyrida","Acari is a composite arachnid clade here, not a single modern order.",FALSE,"binding-region incomplete"
"Composite clade","Collembola","BF3_BR2","BF3 + BR2",356,5823,351,0.985955056179775,0,0,0,0,0,,,,,,,"Entomobryomorpha | Poduromorpha | Symphypleona | Neelipleona","Collembola is a composite hexapod clade here, not a single modern order.",FALSE,"binding-region incomplete"
"Lepidoptera study lens","Boundary / convention-sensitive moths","BF3_BR2","BF3 + BR2",158,356,158,1,0,0,0,0,0,,,,,,,"Castniidae | Megalopygidae | Mimallonidae | Sesiidae | Thyrididae | Zygaenidae","Large-bodied families whose micro/macro placement varies by convention.",FALSE,"binding-region incomplete"
"Lepidoptera study lens","Butterflies (Papilionoidea)","BF3_BR2","BF3 + BR2",733,1894,729,0.994542974079127,20,0.0272851296043656,20,0.0272851296043656,0,0,0,0,0,1,0,"Hedylidae | Hesperiidae | Lycaenidae | Nymphalidae | Papilionidae | Pieridae | Riodinidae","Butterflies are shown separately instead of being forced into a moth size bin.",FALSE,"binding-region incomplete"
"Lepidoptera study lens","Macroheterocera (macro-moth core)","BF3_BR2","BF3 + BR2",2397,6296,2374,0.990404672507301,4,0.00166875260742595,4,0.00166875260742595,0,0,0,0,0,1,0,"Apatelodidae | Bombycidae | Drepanidae | Erebidae | Eupterotidae | Euteliidae | Geometridae | Lasiocampidae | Lemoniidae | Noctuidae | Nolidae | Notodontidae | Saturniidae | Sphingidae | Uraniidae","A phylogenetic macro-moth core; this is more defensible than a body-size cutoff.",FALSE,"binding-region incomplete"
"Lepidoptera study lens","Microlepidoptera (operational grade)","BF3_BR2","BF3 + BR2",1522,6746,1518,0.997371879106439,3,0.00197109067017083,2,0.00131406044678055,0,29.75,14.875,14.875,26.775,0.5,0,"Remaining represented Lepidoptera families after explicit butterfly, Macroheterocera, and boundary assignments.","Microlepidoptera is an operational, non-monophyletic grade.",FALSE,"binding-region incomplete"
"Composite clade","Acari","BR5_ARR5","BR5",1732,6100,1710,0.98729792147806,1584,0.914549653579677,1565,0.903579676674365,0,0,13.9,48.6406389776357,13.9,0.496485623003195,0.0172523961661342,"Ixodida | Mesostigmata | Sarcoptiformes | Trombidiformes | Opilioacarida | Holothyrida","Acari is a composite arachnid clade here, not a single modern order.",TRUE,"usable"
"Composite clade","Collembola","BR5_ARR5","BR5",356,5823,351,0.985955056179775,285,0.800561797752809,282,0.792134831460674,0,0,0,96.557269503546,0,0.950354609929078,0.0425531914893617,"Entomobryomorpha | Poduromorpha | Symphypleona | Neelipleona","Collembola is a composite hexapod clade here, not a single modern order.",TRUE,"usable"
"Lepidoptera study lens","Boundary / convention-sensitive moths","BR5_ARR5","BR5",158,356,158,1,156,0.987341772151899,156,0.987341772151899,0,0,0,0,0,1,0,"Castniidae | Megalopygidae | Mimallonidae | Sesiidae | Thyrididae | Zygaenidae","Large-bodied families whose micro/macro placement varies by convention.",TRUE,"usable"
"Lepidoptera study lens","Butterflies (Papilionoidea)","BR5_ARR5","BR5",733,1894,729,0.994542974079127,716,0.976807639836289,712,0.971350613915416,0,0,0,6.48153089887642,0,0.980337078651685,0.00280898876404494,"Hedylidae | Hesperiidae | Lycaenidae | Nymphalidae | Papilionidae | Pieridae | Riodinidae","Butterflies are shown separately instead of being forced into a moth size bin.",TRUE,"usable"
"Lepidoptera study lens","Macroheterocera (macro-moth core)","BR5_ARR5","BR5",2397,6296,2374,0.990404672507301,2311,0.964121818940342,2289,0.954943679599499,0,0,0,6.59840541721278,0,0.993446920052425,0.00262123197903014,"Apatelodidae | Bombycidae | Drepanidae | Erebidae | Eupterotidae | Euteliidae | Geometridae | Lasiocampidae | Lemoniidae | Noctuidae | Nolidae | Notodontidae | Saturniidae | Sphingidae | Uraniidae","A phylogenetic macro-moth core; this is more defensible than a body-size cutoff.",TRUE,"usable"
"Lepidoptera study lens","Microlepidoptera (operational grade)","BR5_ARR5","BR5",1522,6746,1518,0.997371879106439,1377,0.90473061760841,1374,0.902759526938239,0,0,0,5.92205240174672,0,0.989082969432314,0.00436681222707424,"Remaining represented Lepidoptera families after explicit butterfly, Macroheterocera, and boundary assignments.","Microlepidoptera is an operational, non-monophyletic grade.",TRUE,"usable"
"Composite clade","Acari","F230R","F230R",1732,6100,0,0,1711,0.987875288683603,0,0,,0,,,,,,"Ixodida | Mesostigmata | Sarcoptiformes | Trombidiformes | Opilioacarida | Holothyrida","Acari is a composite arachnid clade here, not a single modern order.",FALSE,"binding-region incomplete"
"Composite clade","Collembola","F230R","F230R",356,5823,3,0.00842696629213483,348,0.97752808988764,3,0.00842696629213483,115.15,0,115.15,113.283333333333,115.15,0,0,"Entomobryomorpha | Poduromorpha | Symphypleona | Neelipleona","Collembola is a composite hexapod clade here, not a single modern order.",FALSE,"binding-region incomplete"
"Lepidoptera study lens","Boundary / convention-sensitive moths","F230R","F230R",158,356,0,0,158,1,0,0,,0,,,,,,"Castniidae | Megalopygidae | Mimallonidae | Sesiidae | Thyrididae | Zygaenidae","Large-bodied families whose micro/macro placement varies by convention.",FALSE,"binding-region incomplete"
"Lepidoptera study lens","Butterflies (Papilionoidea)","F230R","F230R",733,1894,3,0.00409276944065484,730,0.995907230559345,3,0.00409276944065484,66.4,0,66.4,83.3666666666667,108.4,0,0,"Hedylidae | Hesperiidae | Lycaenidae | Nymphalidae | Papilionidae | Pieridae | Riodinidae","Butterflies are shown separately instead of being forced into a moth size bin.",FALSE,"binding-region incomplete"
"Lepidoptera study lens","Macroheterocera (macro-moth core)","F230R","F230R",2397,6296,13,0.00542344597413433,2377,0.99165623696287,13,0.00542344597413433,64.8,0,64.8,63.7692307692308,64.8,0,0,"Apatelodidae | Bombycidae | Drepanidae | Erebidae | Eupterotidae | Euteliidae | Geometridae | Lasiocampidae | Lemoniidae | Noctuidae | Nolidae | Notodontidae | Saturniidae | Sphingidae | Uraniidae","A phylogenetic macro-moth core; this is more defensible than a body-size cutoff.",FALSE,"binding-region incomplete"
"Lepidoptera study lens","Microlepidoptera (operational grade)","F230R","F230R",1522,6746,3,0.00197109067017083,1518,0.997371879106439,3,0.00197109067017083,88.8,0,88.8,120.1,181.84,0,0.333333333333333,"Remaining represented Lepidoptera families after explicit butterfly, Macroheterocera, and boundary assignments.","Microlepidoptera is an operational, non-monophyletic grade.",FALSE,"binding-region incomplete"
"Composite clade","Acari","FISH_F2_R1","FishF2 + FishR1",1732,6100,0,0,3,0.00173210161662818,0,0,,140.05,,,,,,"Ixodida | Mesostigmata | Sarcoptiformes | Trombidiformes | Opilioacarida | Holothyrida","Acari is a composite arachnid clade here, not a single modern order.",FALSE,"binding-region incomplete"
"Composite clade","Collembola","FISH_F2_R1","FishF2 + FishR1",356,5823,3,0.00842696629213483,0,0,0,0,142.95,,,,,,,"Entomobryomorpha | Poduromorpha | Symphypleona | Neelipleona","Collembola is a composite hexapod clade here, not a single modern order.",FALSE,"binding-region incomplete"
"Lepidoptera study lens","Boundary / convention-sensitive moths","FISH_F2_R1","FishF2 + FishR1",158,356,0,0,0,0,0,0,,,,,,,,"Castniidae | Megalopygidae | Mimallonidae | Sesiidae | Thyrididae | Zygaenidae","Large-bodied families whose micro/macro placement varies by convention.",FALSE,"binding-region incomplete"
"Lepidoptera study lens","Butterflies (Papilionoidea)","FISH_F2_R1","FishF2 + FishR1",733,1894,3,0.00409276944065484,17,0.0231923601637108,0,0,248.4,140.05,,,,,,"Hedylidae | Hesperiidae | Lycaenidae | Nymphalidae | Papilionidae | Pieridae | Riodinidae","Butterflies are shown separately instead of being forced into a moth size bin.",FALSE,"binding-region incomplete"
"Lepidoptera study lens","Macroheterocera (macro-moth core)","FISH_F2_R1","FishF2 + FishR1",2397,6296,13,0.00542344597413433,4,0.00166875260742595,1,0.000417188151856487,248.4,114.35,363.8,363.8,363.8,0,1,"Apatelodidae | Bombycidae | Drepanidae | Erebidae | Eupterotidae | Euteliidae | Geometridae | Lasiocampidae | Lemoniidae | Noctuidae | Nolidae | Notodontidae | Saturniidae | Sphingidae | Uraniidae","A phylogenetic macro-moth core; this is more defensible than a body-size cutoff.",FALSE,"binding-region incomplete"
"Lepidoptera study lens","Microlepidoptera (operational grade)","FISH_F2_R1","FishF2 + FishR1",1522,6746,3,0.00197109067017083,2,0.00131406044678055,0,0,235.5,1855.625,,,,,,"Remaining represented Lepidoptera families after explicit butterfly, Macroheterocera, and boundary assignments.","Microlepidoptera is an operational, non-monophyletic grade.",FALSE,"binding-region incomplete"
"Composite clade","Acari","FOLMER","Folmer barcode",1732,6100,0,0,3,0.00173210161662818,0,0,,116.95,,,,,,"Ixodida | Mesostigmata | Sarcoptiformes | Trombidiformes | Opilioacarida | Holothyrida","Acari is a composite arachnid clade here, not a single modern order.",FALSE,"binding-region incomplete"
"Composite clade","Collembola","FOLMER","Folmer barcode",356,5823,3,0.00842696629213483,0,0,0,0,115.15,,,,,,,"Entomobryomorpha | Poduromorpha | Symphypleona | Neelipleona","Collembola is a composite hexapod clade here, not a single modern order.",FALSE,"binding-region incomplete"
"Lepidoptera study lens","Boundary / convention-sensitive moths","FOLMER","Folmer barcode",158,356,0,0,0,0,0,0,,,,,,,,"Castniidae | Megalopygidae | Mimallonidae | Sesiidae | Thyrididae | Zygaenidae","Large-bodied families whose micro/macro placement varies by convention.",FALSE,"binding-region incomplete"
"Lepidoptera study lens","Butterflies (Papilionoidea)","FOLMER","Folmer barcode",733,1894,3,0.00409276944065484,17,0.0231923601637108,0,0,66.4,115.65,,,,,,"Hedylidae | Hesperiidae | Lycaenidae | Nymphalidae | Papilionidae | Pieridae | Riodinidae","Butterflies are shown separately instead of being forced into a moth size bin.",FALSE,"binding-region incomplete"
"Lepidoptera study lens","Macroheterocera (macro-moth core)","FOLMER","Folmer barcode",2397,6296,13,0.00542344597413433,4,0.00166875260742595,1,0.000417188151856487,64.8,61.8,147.6,147.6,147.6,0,0,"Apatelodidae | Bombycidae | Drepanidae | Erebidae | Eupterotidae | Euteliidae | Geometridae | Lasiocampidae | Lemoniidae | Noctuidae | Nolidae | Notodontidae | Saturniidae | Sphingidae | Uraniidae","A phylogenetic macro-moth core; this is more defensible than a body-size cutoff.",FALSE,"binding-region incomplete"
"Lepidoptera study lens","Microlepidoptera (operational grade)","FOLMER","Folmer barcode",1522,6746,3,0.00197109067017083,2,0.00131406044678055,0,0,88.8,1935.675,,,,,,"Remaining represented Lepidoptera families after explicit butterfly, Macroheterocera, and boundary assignments.","Microlepidoptera is an operational, non-monophyletic grade.",FALSE,"binding-region incomplete"
"Composite clade","Acari","FWH1","fwh1",1732,6100,0,0,1705,0.984411085450346,0,0,,0,,,,,,"Ixodida | Mesostigmata | Sarcoptiformes | Trombidiformes | Opilioacarida | Holothyrida","Acari is a composite arachnid clade here, not a single modern order.",FALSE,"binding-region incomplete"
"Composite clade","Collembola","FWH1","fwh1",356,5823,3,0.00842696629213483,351,0.985955056179775,3,0.00842696629213483,13.07,0,13.07,15.2533333333333,18.31,0,0,"Entomobryomorpha | Poduromorpha | Symphypleona | Neelipleona","Collembola is a composite hexapod clade here, not a single modern order.",FALSE,"binding-region incomplete"
"Lepidoptera study lens","Boundary / convention-sensitive moths","FWH1","fwh1",158,356,0,0,158,1,0,0,,0,,,,,,"Castniidae | Megalopygidae | Mimallonidae | Sesiidae | Thyrididae | Zygaenidae","Large-bodied families whose micro/macro placement varies by convention.",FALSE,"binding-region incomplete"
"Lepidoptera study lens","Butterflies (Papilionoidea)","FWH1","fwh1",733,1894,3,0.00409276944065484,728,0.993178717598909,3,0.00409276944065484,0,0,0,0,0,1,0,"Hedylidae | Hesperiidae | Lycaenidae | Nymphalidae | Papilionidae | Pieridae | Riodinidae","Butterflies are shown separately instead of being forced into a moth size bin.",FALSE,"binding-region incomplete"
"Lepidoptera study lens","Macroheterocera (macro-moth core)","FWH1","fwh1",2397,6296,13,0.00542344597413433,2374,0.990404672507301,13,0.00542344597413433,0,0,0,0.603846153846154,0,0.923076923076923,0,"Apatelodidae | Bombycidae | Drepanidae | Erebidae | Eupterotidae | Euteliidae | Geometridae | Lasiocampidae | Lemoniidae | Noctuidae | Nolidae | Notodontidae | Saturniidae | Sphingidae | Uraniidae","A phylogenetic macro-moth core; this is more defensible than a body-size cutoff.",FALSE,"binding-region incomplete"
"Lepidoptera study lens","Microlepidoptera (operational grade)","FWH1","fwh1",1522,6746,3,0.00197109067017083,1519,0.998028909329829,3,0.00197109067017083,0,0,0,0,0,1,0,"Remaining represented Lepidoptera families after explicit butterfly, Macroheterocera, and boundary assignments.","Microlepidoptera is an operational, non-monophyletic grade.",FALSE,"binding-region incomplete"
"Composite clade","Acari","FWH2","fwh2",1732,6100,1723,0.994803695150115,1584,0.914549653579677,1578,0.91108545034642,25.77,41.87,101.05,155.171305449937,293.926,0.109632446134347,0.257921419518378,"Ixodida | Mesostigmata | Sarcoptiformes | Trombidiformes | Opilioacarida | Holothyrida","Acari is a composite arachnid clade here, not a single modern order.",TRUE,"usable"
"Composite clade","Collembola","FWH2","fwh2",356,5823,349,0.980337078651685,285,0.800561797752809,280,0.786516853932584,26.9,11.77,60.2,168.669214285714,312.47,0.117857142857143,0.210714285714286,"Entomobryomorpha | Poduromorpha | Symphypleona | Neelipleona","Collembola is a composite hexapod clade here, not a single modern order.",TRUE,"usable"
"Lepidoptera study lens","Boundary / convention-sensitive moths","FWH2","fwh2",158,356,158,1,156,0.987341772151899,156,0.987341772151899,0,0,0,32.2828846153846,125.5,0.634615384615385,0.0641025641025641,"Castniidae | Megalopygidae | Mimallonidae | Sesiidae | Thyrididae | Zygaenidae","Large-bodied families whose micro/macro placement varies by convention.",TRUE,"usable"
"Lepidoptera study lens","Butterflies (Papilionoidea)","FWH2","fwh2",733,1894,730,0.995907230559345,716,0.976807639836289,714,0.974079126875853,0,0,0,35.3978571428572,124.276,0.572829131652661,0.0868347338935574,"Hedylidae | Hesperiidae | Lycaenidae | Nymphalidae | Papilionidae | Pieridae | Riodinidae","Butterflies are shown separately instead of being forced into a moth size bin.",TRUE,"usable"
"Lepidoptera study lens","Macroheterocera (macro-moth core)","FWH2","fwh2",2397,6296,2393,0.998331247392574,2311,0.964121818940342,2307,0.962453066332916,0,0,0,32.4729388816645,111.028000000001,0.600780234070221,0.0762895535327265,"Apatelodidae | Bombycidae | Drepanidae | Erebidae | Eupterotidae | Euteliidae | Geometridae | Lasiocampidae | Lemoniidae | Noctuidae | Nolidae | Notodontidae | Saturniidae | Sphingidae | Uraniidae","A phylogenetic macro-moth core; this is more defensible than a body-size cutoff.",TRUE,"usable"
"Lepidoptera study lens","Microlepidoptera (operational grade)","FWH2","fwh2",1522,6746,1519,0.998028909329829,1377,0.90473061760841,1374,0.902759526938239,0,0,0,37.8452765647743,121.42,0.566229985443959,0.0749636098981077,"Remaining represented Lepidoptera families after explicit butterfly, Macroheterocera, and boundary assignments.","Microlepidoptera is an operational, non-monophyletic grade.",TRUE,"usable"
"Composite clade","Acari","FWH2_EPTDR2N","fwh2 + EPTDr2n",1732,6100,1723,0.994803695150115,1702,0.982678983833718,1695,0.978637413394919,25.77,692.35,714.22,799.273852507375,1480.55,0,0.156342182890855,"Ixodida | Mesostigmata | Sarcoptiformes | Trombidiformes | Opilioacarida | Holothyrida","Acari is a composite arachnid clade here, not a single modern order.",TRUE,"usable"
"Composite clade","Collembola","FWH2_EPTDR2N","fwh2 + EPTDr2n",356,5823,349,0.980337078651685,338,0.949438202247191,331,0.929775280898876,26.9,256.95,277.1,424.201450151057,782.85,0,0.151057401812689,"Entomobryomorpha | Poduromorpha | Symphypleona | Neelipleona","Collembola is a composite hexapod clade here, not a single modern order.",TRUE,"usable"
"Lepidoptera study lens","Boundary / convention-sensitive moths","FWH2_EPTDR2N","fwh2 + EPTDr2n",158,356,158,1,157,0.993670886075949,157,0.993670886075949,0,59.75,66.7,80.822101910828,111.7,0.00636942675159236,0.00636942675159236,"Castniidae | Megalopygidae | Mimallonidae | Sesiidae | Thyrididae | Zygaenidae","Large-bodied families whose micro/macro placement varies by convention.",TRUE,"usable"
"Lepidoptera study lens","Butterflies (Papilionoidea)","FWH2_EPTDR2N","fwh2 + EPTDr2n",733,1894,730,0.995907230559345,729,0.994542974079127,726,0.990450204638472,0,66.7,82.15,97.0816391184573,157.895,0,0.00826446280991736,"Hedylidae | Hesperiidae | Lycaenidae | Nymphalidae | Papilionidae | Pieridae | Riodinidae","Butterflies are shown separately instead of being forced into a moth size bin.",TRUE,"usable"
"Lepidoptera study lens","Macroheterocera (macro-moth core)","FWH2_EPTDR2N","fwh2 + EPTDr2n",2397,6296,2393,0.998331247392574,2378,0.992073425114727,2375,0.990821860659157,0,71.5,82.15,103.527368421053,166.65,0.000421052631578947,0.0210526315789474,"Apatelodidae | Bombycidae | Drepanidae | Erebidae | Eupterotidae | Euteliidae | Geometridae | Lasiocampidae | Lemoniidae | Noctuidae | Nolidae | Notodontidae | Saturniidae | Sphingidae | Uraniidae","A phylogenetic macro-moth core; this is more defensible than a body-size cutoff.",TRUE,"usable"
"Lepidoptera study lens","Microlepidoptera (operational grade)","FWH2_EPTDR2N","fwh2 + EPTDr2n",1522,6746,1519,0.998028909329829,1517,0.996714848883049,1514,0.994743758212878,0,71.5,82.15,175.110825627477,392.2,0.00264200792602378,0.0277410832232497,"Remaining represented Lepidoptera families after explicit butterfly, Macroheterocera, and boundary assignments.","Microlepidoptera is an operational, non-monophyletic grade.",TRUE,"usable"
"Composite clade","Acari","HEXCOI","HexCOI",1732,6100,1711,0.987875288683603,1583,0.913972286374134,1565,0.903579676674365,18.32,0,20.4,72.4348115015974,127.652,0.359744408945687,0.0191693290734824,"Ixodida | Mesostigmata | Sarcoptiformes | Trombidiformes | Opilioacarida | Holothyrida","Acari is a composite arachnid clade here, not a single modern order.",TRUE,"usable"
"Composite clade","Collembola","HEXCOI","HexCOI",356,5823,350,0.98314606741573,284,0.797752808988764,281,0.789325842696629,0,0,0,89.5000355871886,117.13,0.647686832740214,0.0320284697508897,"Entomobryomorpha | Poduromorpha | Symphypleona | Neelipleona","Collembola is a composite hexapod clade here, not a single modern order.",TRUE,"usable"
"Lepidoptera study lens","Boundary / convention-sensitive moths","HEXCOI","HexCOI",158,356,158,1,156,0.987341772151899,156,0.987341772151899,0,0,0,1.77839743589744,0,0.948717948717949,0,"Castniidae | Megalopygidae | Mimallonidae | Sesiidae | Thyrididae | Zygaenidae","Large-bodied families whose micro/macro placement varies by convention.",TRUE,"usable"
"Lepidoptera study lens","Butterflies (Papilionoidea)","HEXCOI","HexCOI",733,1894,729,0.994542974079127,716,0.976807639836289,712,0.971350613915416,0,0,0,7.89359550561796,0,0.963483146067416,0.00140449438202247,"Hedylidae | Hesperiidae | Lycaenidae | Nymphalidae | Papilionidae | Pieridae | Riodinidae","Butterflies are shown separately instead of being forced into a moth size bin.",TRUE,"usable"
"Lepidoptera study lens","Macroheterocera (macro-moth core)","HEXCOI","HexCOI",2397,6296,2374,0.990404672507301,2310,0.963704630788486,2288,0.954526491447643,0,0,0,7.05902097902094,0,0.950174825174825,0.00305944055944056,"Apatelodidae | Bombycidae | Drepanidae | Erebidae | Eupterotidae | Euteliidae | Geometridae | Lasiocampidae | Lemoniidae | Noctuidae | Nolidae | Notodontidae | Saturniidae | Sphingidae | Uraniidae","A phylogenetic macro-moth core; this is more defensible than a body-size cutoff.",TRUE,"usable"
"Lepidoptera study lens","Microlepidoptera (operational grade)","HEXCOI","HexCOI",1522,6746,1518,0.997371879106439,1377,0.90473061760841,1374,0.902759526938239,0,0,0,8.38705240174675,0,0.919941775836972,0.00291120815138282,"Remaining represented Lepidoptera families after explicit butterfly, Macroheterocera, and boundary assignments.","Microlepidoptera is an operational, non-monophyletic grade.",TRUE,"usable"
"Composite clade","Acari","MCO","Leray 313",1732,6100,1723,0.994803695150115,3,0.00173210161662818,3,0.00173210161662818,60,0,41.15,126.05,244.91,0,0.333333333333333,"Ixodida | Mesostigmata | Sarcoptiformes | Trombidiformes | Opilioacarida | Holothyrida","Acari is a composite arachnid clade here, not a single modern order.",FALSE,"binding-region incomplete"
"Composite clade","Collembola","MCO","Leray 313",356,5823,349,0.980337078651685,0,0,0,0,27.67,,,,,,,"Entomobryomorpha | Poduromorpha | Symphypleona | Neelipleona","Collembola is a composite hexapod clade here, not a single modern order.",FALSE,"binding-region incomplete"
"Lepidoptera study lens","Boundary / convention-sensitive moths","MCO","Leray 313",158,356,158,1,0,0,0,0,0,,,,,,,"Castniidae | Megalopygidae | Mimallonidae | Sesiidae | Thyrididae | Zygaenidae","Large-bodied families whose micro/macro placement varies by convention.",FALSE,"binding-region incomplete"
"Lepidoptera study lens","Butterflies (Papilionoidea)","MCO","Leray 313",733,1894,730,0.995907230559345,17,0.0231923601637108,17,0.0231923601637108,0,0,45.15,46.0776470588235,113.07,0.294117647058824,0.117647058823529,"Hedylidae | Hesperiidae | Lycaenidae | Nymphalidae | Papilionidae | Pieridae | Riodinidae","Butterflies are shown separately instead of being forced into a moth size bin.",FALSE,"binding-region incomplete"
"Lepidoptera study lens","Macroheterocera (macro-moth core)","MCO","Leray 313",2397,6296,2393,0.998331247392574,4,0.00166875260742595,4,0.00166875260742595,0,0,0,0,0,1,0,"Apatelodidae | Bombycidae | Drepanidae | Erebidae | Eupterotidae | Euteliidae | Geometridae | Lasiocampidae | Lemoniidae | Noctuidae | Nolidae | Notodontidae | Saturniidae | Sphingidae | Uraniidae","A phylogenetic macro-moth core; this is more defensible than a body-size cutoff.",FALSE,"binding-region incomplete"
"Lepidoptera study lens","Microlepidoptera (operational grade)","MCO","Leray 313",1522,6746,1519,0.998028909329829,2,0.00131406044678055,1,0.000657030223390276,0,1507.9,0,0,0,1,0,"Remaining represented Lepidoptera families after explicit butterfly, Macroheterocera, and boundary assignments.","Microlepidoptera is an operational, non-monophyletic grade.",FALSE,"binding-region incomplete"
"Composite clade","Acari","LERAY_XT","Leray-XT",1732,6100,1723,0.994803695150115,3,0.00173210161662818,3,0.00173210161662818,26.07,0,19.5,104.4,223.26,0,0.333333333333333,"Ixodida | Mesostigmata | Sarcoptiformes | Trombidiformes | Opilioacarida | Holothyrida","Acari is a composite arachnid clade here, not a single modern order.",FALSE,"binding-region incomplete"
"Composite clade","Collembola","LERAY_XT","Leray-XT",356,5823,349,0.980337078651685,0,0,0,0,18.22,,,,,,,"Entomobryomorpha | Poduromorpha | Symphypleona | Neelipleona","Collembola is a composite hexapod clade here, not a single modern order.",FALSE,"binding-region incomplete"
"Lepidoptera study lens","Boundary / convention-sensitive moths","LERAY_XT","Leray-XT",158,356,158,1,0,0,0,0,0,,,,,,,"Castniidae | Megalopygidae | Mimallonidae | Sesiidae | Thyrididae | Zygaenidae","Large-bodied families whose micro/macro placement varies by convention.",FALSE,"binding-region incomplete"
"Lepidoptera study lens","Butterflies (Papilionoidea)","LERAY_XT","Leray-XT",733,1894,730,0.995907230559345,17,0.0231923601637108,17,0.0231923601637108,0,0,0,23.06,84.522,0.764705882352941,0.117647058823529,"Hedylidae | Hesperiidae | Lycaenidae | Nymphalidae | Papilionidae | Pieridae | Riodinidae","Butterflies are shown separately instead of being forced into a moth size bin.",FALSE,"binding-region incomplete"
"Lepidoptera study lens","Macroheterocera (macro-moth core)","LERAY_XT","Leray-XT",2397,6296,2393,0.998331247392574,4,0.00166875260742595,4,0.00166875260742595,0,0,0,0,0,1,0,"Apatelodidae | Bombycidae | Drepanidae | Erebidae | Eupterotidae | Euteliidae | Geometridae | Lasiocampidae | Lemoniidae | Noctuidae | Nolidae | Notodontidae | Saturniidae | Sphingidae | Uraniidae","A phylogenetic macro-moth core; this is more defensible than a body-size cutoff.",FALSE,"binding-region incomplete"
"Lepidoptera study lens","Microlepidoptera (operational grade)","LERAY_XT","Leray-XT",1522,6746,1519,0.998028909329829,2,0.00131406044678055,1,0.000657030223390276,0,1507.9,0,0,0,1,0,"Remaining represented Lepidoptera families after explicit butterfly, Macroheterocera, and boundary assignments.","Microlepidoptera is an operational, non-monophyletic grade.",FALSE,"binding-region incomplete"
"Composite clade","Acari","MOLLCOI253","MollCOI253",1732,6100,1718,0.991916859122402,1586,0.915704387990762,1576,0.909930715935335,257.65,564.4,821.375,858.802157360406,1108.55,0,0.971446700507614,"Ixodida | Mesostigmata | Sarcoptiformes | Trombidiformes | Opilioacarida | Holothyrida","Acari is a composite arachnid clade here, not a single modern order.",TRUE,"usable"
"Composite clade","Collembola","MOLLCOI253","MollCOI253",356,5823,354,0.99438202247191,287,0.806179775280899,286,0.803370786516854,287.1,487.2,772.35,884.593356643357,1078.3,0,1,"Entomobryomorpha | Poduromorpha | Symphypleona | Neelipleona","Collembola is a composite hexapod clade here, not a single modern order.",TRUE,"usable"
"Lepidoptera study lens","Boundary / convention-sensitive moths","MOLLCOI253","MollCOI253",158,356,158,1,156,0.987341772151899,156,0.987341772151899,292.5,528.8,787.3,763.89358974359,915.9,0,1,"Castniidae | Megalopygidae | Mimallonidae | Sesiidae | Thyrididae | Zygaenidae","Large-bodied families whose micro/macro placement varies by convention.",TRUE,"usable"
"Lepidoptera study lens","Butterflies (Papilionoidea)","MOLLCOI253","MollCOI253",733,1894,732,0.998635743519782,719,0.980900409276944,718,0.979536152796726,260.5,352.6,682.1,692.568732590529,885.9,0,1,"Hedylidae | Hesperiidae | Lycaenidae | Nymphalidae | Papilionidae | Pieridae | Riodinidae","Butterflies are shown separately instead of being forced into a moth size bin.",TRUE,"usable"
"Lepidoptera study lens","Macroheterocera (macro-moth core)","MOLLCOI253","MollCOI253",2397,6296,2395,0.999165623696287,2313,0.964956195244055,2311,0.964121818940342,255.7,371.55,663.85,691.530679359585,891.3,0,1,"Apatelodidae | Bombycidae | Drepanidae | Erebidae | Eupterotidae | Euteliidae | Geometridae | Lasiocampidae | Lemoniidae | Noctuidae | Nolidae | Notodontidae | Saturniidae | Sphingidae | Uraniidae","A phylogenetic macro-moth core; this is more defensible than a body-size cutoff.",TRUE,"usable"
"Lepidoptera study lens","Microlepidoptera (operational grade)","MOLLCOI253","MollCOI253",1522,6746,1516,0.996057818659658,1380,0.906701708278581,1375,0.903416557161629,255.7,444,708.1,713.778349090909,892.69,0,1,"Remaining represented Lepidoptera families after explicit butterfly, Macroheterocera, and boundary assignments.","Microlepidoptera is an operational, non-monophyletic grade.",TRUE,"usable"
"Composite clade","Acari","NOPLANT","NoPlant",1732,6100,1710,0.98729792147806,1723,0.994803695150115,1701,0.982101616628176,0,37.24,64.6,103.752810111699,185.79,0.14756025867137,0.11522633744856,"Ixodida | Mesostigmata | Sarcoptiformes | Trombidiformes | Opilioacarida | Holothyrida","Acari is a composite arachnid clade here, not a single modern order.",TRUE,"usable"
"Composite clade","Collembola","NOPLANT","NoPlant",356,5823,347,0.974719101123595,349,0.980337078651685,340,0.955056179775281,0,19.62,34.82,85.8512352941176,157.988,0.197058823529412,0.0441176470588235,"Entomobryomorpha | Poduromorpha | Symphypleona | Neelipleona","Collembola is a composite hexapod clade here, not a single modern order.",TRUE,"usable"
"Lepidoptera study lens","Boundary / convention-sensitive moths","NOPLANT","NoPlant",158,356,158,1,158,1,158,1,0,0,0,65.5754430379747,239,0.569620253164557,0.0126582278481013,"Castniidae | Megalopygidae | Mimallonidae | Sesiidae | Thyrididae | Zygaenidae","Large-bodied families whose micro/macro placement varies by convention.",TRUE,"usable"
"Lepidoptera study lens","Butterflies (Papilionoidea)","NOPLANT","NoPlant",733,1894,729,0.994542974079127,730,0.995907230559345,727,0.99181446111869,0,0,0,18.4737551581843,29.38,0.588720770288858,0.00825309491059147,"Hedylidae | Hesperiidae | Lycaenidae | Nymphalidae | Papilionidae | Pieridae | Riodinidae","Butterflies are shown separately instead of being forced into a moth size bin.",TRUE,"usable"
"Lepidoptera study lens","Macroheterocera (macro-moth core)","NOPLANT","NoPlant",2397,6296,2376,0.991239048811014,2393,0.998331247392574,2372,0.989570296203588,0,0,0,16.22478920742,29.38,0.64460370994941,0.0126475548060708,"Apatelodidae | Bombycidae | Drepanidae | Erebidae | Eupterotidae | Euteliidae | Geometridae | Lasiocampidae | Lemoniidae | Noctuidae | Nolidae | Notodontidae | Saturniidae | Sphingidae | Uraniidae","A phylogenetic macro-moth core; this is more defensible than a body-size cutoff.",TRUE,"usable"
"Lepidoptera study lens","Microlepidoptera (operational grade)","NOPLANT","NoPlant",1522,6746,1518,0.997371879106439,1519,0.998028909329829,1516,0.996057818659658,0,0,10.03,41.9739973614776,94.895,0.49934036939314,0.025065963060686,"Remaining represented Lepidoptera families after explicit butterfly, Macroheterocera, and boundary assignments.","Microlepidoptera is an operational, non-monophyletic grade.",TRUE,"usable"
"Composite clade","Acari","NOSPI2_LAURELIN","NoSpi2 + Laurelin",1732,6100,1711,0.987875288683603,1726,0.996535796766744,1705,0.984411085450346,0,46.12,84.9,130.285730205279,260.8,0.23049853372434,0.300293255131965,"Ixodida | Mesostigmata | Sarcoptiformes | Trombidiformes | Opilioacarida | Holothyrida","Acari is a composite arachnid clade here, not a single modern order.",TRUE,"usable"
"Composite clade","Collembola","NOSPI2_LAURELIN","NoSpi2 + Laurelin",356,5823,351,0.985955056179775,351,0.985955056179775,346,0.971910112359551,0,29.38,46.12,113.965953757225,240.64,0.329479768786127,0.300578034682081,"Entomobryomorpha | Poduromorpha | Symphypleona | Neelipleona","Collembola is a composite hexapod clade here, not a single modern order.",TRUE,"usable"
"Lepidoptera study lens","Boundary / convention-sensitive moths","NOSPI2_LAURELIN","NoSpi2 + Laurelin",158,356,158,1,158,1,158,1,0,0,0,69.006582278481,239,0.60126582278481,0.0189873417721519,"Castniidae | Megalopygidae | Mimallonidae | Sesiidae | Thyrididae | Zygaenidae","Large-bodied families whose micro/macro placement varies by convention.",TRUE,"usable"
"Lepidoptera study lens","Butterflies (Papilionoidea)","NOSPI2_LAURELIN","NoSpi2 + Laurelin",733,1894,730,0.995907230559345,730,0.995907230559345,727,0.99181446111869,0,0,0,25.7992572214581,46.12,0.665749656121045,0.0261348005502063,"Hedylidae | Hesperiidae | Lycaenidae | Nymphalidae | Papilionidae | Pieridae | Riodinidae","Butterflies are shown separately instead of being forced into a moth size bin.",TRUE,"usable"
"Lepidoptera study lens","Macroheterocera (macro-moth core)","NOSPI2_LAURELIN","NoSpi2 + Laurelin",2397,6296,2377,0.99165623696287,2393,0.998331247392574,2373,0.989987484355444,0,0,0,18.5873367045933,46.12,0.739991571849979,0.0358196375895491,"Apatelodidae | Bombycidae | Drepanidae | Erebidae | Eupterotidae | Euteliidae | Geometridae | Lasiocampidae | Lemoniidae | Noctuidae | Nolidae | Notodontidae | Saturniidae | Sphingidae | Uraniidae","A phylogenetic macro-moth core; this is more defensible than a body-size cutoff.",TRUE,"usable"
"Lepidoptera study lens","Microlepidoptera (operational grade)","NOSPI2_LAURELIN","NoSpi2 + Laurelin",1522,6746,1518,0.997371879106439,1519,0.998028909329829,1516,0.996057818659658,0,0,0,44.7620580474934,128.2,0.556068601583113,0.0461741424802111,"Remaining represented Lepidoptera families after explicit butterfly, Macroheterocera, and boundary assignments.","Microlepidoptera is an operational, non-monophyletic grade.",TRUE,"usable"
"Composite clade","Acari","NOSPID","Spidprey",1732,6100,1710,0.98729792147806,1724,0.995381062355658,1702,0.982678983833718,0,30.1,102.4,137.236568742656,297.125000000001,0.183901292596945,0.234430082256169,"Ixodida | Mesostigmata | Sarcoptiformes | Trombidiformes | Opilioacarida | Holothyrida","Acari is a composite arachnid clade here, not a single modern order.",TRUE,"usable"
"Composite clade","Collembola","NOSPID","Spidprey",356,5823,347,0.974719101123595,350,0.98314606741573,341,0.957865168539326,0,22.4,86.6,126.444134897361,282.95,0.225806451612903,0.258064516129032,"Entomobryomorpha | Poduromorpha | Symphypleona | Neelipleona","Collembola is a composite hexapod clade here, not a single modern order.",TRUE,"usable"
"Lepidoptera study lens","Boundary / convention-sensitive moths","NOSPID","Spidprey",158,356,158,1,158,1,158,1,0,0,0,123.493291139241,484.8,0.588607594936709,0.234177215189873,"Castniidae | Megalopygidae | Mimallonidae | Sesiidae | Thyrididae | Zygaenidae","Large-bodied families whose micro/macro placement varies by convention.",TRUE,"usable"
"Lepidoptera study lens","Butterflies (Papilionoidea)","NOSPID","Spidprey",733,1894,729,0.994542974079127,730,0.995907230559345,727,0.99181446111869,0,0,21.65,51.381636863824,86.6,0.491059147180193,0.0178817056396149,"Hedylidae | Hesperiidae | Lycaenidae | Nymphalidae | Papilionidae | Pieridae | Riodinidae","Butterflies are shown separately instead of being forced into a moth size bin.",TRUE,"usable"
"Lepidoptera study lens","Macroheterocera (macro-moth core)","NOSPID","Spidprey",2397,6296,2376,0.991239048811014,2393,0.998331247392574,2372,0.989570296203588,0,0,0,26.2700758853288,86.6,0.672428330522766,0.025716694772344,"Apatelodidae | Bombycidae | Drepanidae | Erebidae | Eupterotidae | Euteliidae | Geometridae | Lasiocampidae | Lemoniidae | Noctuidae | Nolidae | Notodontidae | Saturniidae | Sphingidae | Uraniidae","A phylogenetic macro-moth core; this is more defensible than a body-size cutoff.",TRUE,"usable"
"Lepidoptera study lens","Microlepidoptera (operational grade)","NOSPID","Spidprey",1522,6746,1518,0.997371879106439,1519,0.998028909329829,1516,0.996057818659658,0,0,0,38.390573878628,109,0.645778364116095,0.0316622691292876,"Remaining represented Lepidoptera families after explicit butterfly, Macroheterocera, and boundary assignments.","Microlepidoptera is an operational, non-monophyletic grade.",TRUE,"usable"
"Composite clade","Acari","VERT","Vertebrate COI",1732,6100,0,0,1711,0.987875288683603,0,0,,49.85,,,,,,"Ixodida | Mesostigmata | Sarcoptiformes | Trombidiformes | Opilioacarida | Holothyrida","Acari is a composite arachnid clade here, not a single modern order.",FALSE,"binding-region incomplete"
"Composite clade","Collembola","VERT","Vertebrate COI",356,5823,3,0.00842696629213483,349,0.980337078651685,3,0.00842696629213483,79.58,49.85,129.43,119.636666666667,129.43,0,0,"Entomobryomorpha | Poduromorpha | Symphypleona | Neelipleona","Collembola is a composite hexapod clade here, not a single modern order.",FALSE,"binding-region incomplete"
"Lepidoptera study lens","Boundary / convention-sensitive moths","VERT","Vertebrate COI",158,356,0,0,158,1,0,0,,49.85,,,,,,"Castniidae | Megalopygidae | Mimallonidae | Sesiidae | Thyrididae | Zygaenidae","Large-bodied families whose micro/macro placement varies by convention.",FALSE,"binding-region incomplete"
"Lepidoptera study lens","Butterflies (Papilionoidea)","VERT","Vertebrate COI",733,1894,3,0.00409276944065484,730,0.995907230559345,3,0.00409276944065484,160.48,49.85,210.33,219.57,267.13,0,0.333333333333333,"Hedylidae | Hesperiidae | Lycaenidae | Nymphalidae | Papilionidae | Pieridae | Riodinidae","Butterflies are shown separately instead of being forced into a moth size bin.",FALSE,"binding-region incomplete"
"Lepidoptera study lens","Macroheterocera (macro-moth core)","VERT","Vertebrate COI",2397,6296,13,0.00542344597413433,2380,0.99290780141844,13,0.00542344597413433,160.48,26.3,210.33,196.51,210.33,0,0,"Apatelodidae | Bombycidae | Drepanidae | Erebidae | Eupterotidae | Euteliidae | Geometridae | Lasiocampidae | Lemoniidae | Noctuidae | Nolidae | Notodontidae | Saturniidae | Sphingidae | Uraniidae","A phylogenetic macro-moth core; this is more defensible than a body-size cutoff.",FALSE,"binding-region incomplete"
"Lepidoptera study lens","Microlepidoptera (operational grade)","VERT","Vertebrate COI",1522,6746,3,0.00197109067017083,1517,0.996714848883049,3,0.00197109067017083,117.2,49.85,167.05,166.486666666667,171.714,0,0,"Remaining represented Lepidoptera families after explicit butterfly, Macroheterocera, and boundary assignments.","Microlepidoptera is an operational, non-monophyletic grade.",FALSE,"binding-region incomplete"
"Composite clade","Acari","ZBJ_ART","ZBJ-Art",1732,6100,1,0.000577367205542725,1704,0.983833718244804,1,0.000577367205542725,525.9,118.55,544.05,544.05,544.05,0,1,"Ixodida | Mesostigmata | Sarcoptiformes | Trombidiformes | Opilioacarida | Holothyrida","Acari is a composite arachnid clade here, not a single modern order.",FALSE,"binding-region incomplete"
"Composite clade","Collembola","ZBJ_ART","ZBJ-Art",356,5823,3,0.00842696629213483,348,0.97752808988764,3,0.00842696629213483,250.25,117.25,312.2,314.98,359.032,0,0.333333333333333,"Entomobryomorpha | Poduromorpha | Symphypleona | Neelipleona","Collembola is a composite hexapod clade here, not a single modern order.",FALSE,"binding-region incomplete"
"Lepidoptera study lens","Boundary / convention-sensitive moths","ZBJ_ART","ZBJ-Art",158,356,0,0,158,1,0,0,,40.7,,,,,,"Castniidae | Megalopygidae | Mimallonidae | Sesiidae | Thyrididae | Zygaenidae","Large-bodied families whose micro/macro placement varies by convention.",FALSE,"binding-region incomplete"
"Lepidoptera study lens","Butterflies (Papilionoidea)","ZBJ_ART","ZBJ-Art",733,1894,3,0.00409276944065484,728,0.993178717598909,3,0.00409276944065484,18.45,6.45,115.25,93.6166666666667,135.21,0,0.333333333333333,"Hedylidae | Hesperiidae | Lycaenidae | Nymphalidae | Papilionidae | Pieridae | Riodinidae","Butterflies are shown separately instead of being forced into a moth size bin.",FALSE,"binding-region incomplete"
"Lepidoptera study lens","Macroheterocera (macro-moth core)","ZBJ_ART","ZBJ-Art",2397,6296,17,0.00709219858156028,2374,0.990404672507301,17,0.00709219858156028,0,6.45,0,45.3352941176471,104.36,0.588235294117647,0.235294117647059,"Apatelodidae | Bombycidae | Drepanidae | Erebidae | Eupterotidae | Euteliidae | Geometridae | Lasiocampidae | Lemoniidae | Noctuidae | Nolidae | Notodontidae | Saturniidae | Sphingidae | Uraniidae","A phylogenetic macro-moth core; this is more defensible than a body-size cutoff.",FALSE,"binding-region incomplete"
"Lepidoptera study lens","Microlepidoptera (operational grade)","ZBJ_ART","ZBJ-Art",1522,6746,5,0.00328515111695138,1518,0.997371879106439,5,0.00328515111695138,0,6.95,48.25,57.19,127.85,0.2,0.2,"Remaining represented Lepidoptera families after explicit butterfly, Macroheterocera, and boundary assignments.","Microlepidoptera is an operational, non-monophyletic grade.",FALSE,"binding-region incomplete"
"Composite clade","Acari","ZBJ_ART_DEG","ZBJ-Art degenerate",1732,6100,1,0.000577367205542725,1704,0.983833718244804,1,0.000577367205542725,250.64,10.75,261.84,261.84,261.84,0,0,"Ixodida | Mesostigmata | Sarcoptiformes | Trombidiformes | Opilioacarida | Holothyrida","Acari is a composite arachnid clade here, not a single modern order.",FALSE,"binding-region incomplete"
"Composite clade","Collembola","ZBJ_ART_DEG","ZBJ-Art degenerate",356,5823,3,0.00842696629213483,348,0.97752808988764,3,0.00842696629213483,304.34,7.15,304.34,231.043333333333,304.34,0,0,"Entomobryomorpha | Poduromorpha | Symphypleona | Neelipleona","Collembola is a composite hexapod clade here, not a single modern order.",FALSE,"binding-region incomplete"
"Lepidoptera study lens","Boundary / convention-sensitive moths","ZBJ_ART_DEG","ZBJ-Art degenerate",158,356,0,0,158,1,0,0,,0,,,,,,"Castniidae | Megalopygidae | Mimallonidae | Sesiidae | Thyrididae | Zygaenidae","Large-bodied families whose micro/macro placement varies by convention.",FALSE,"binding-region incomplete"
"Lepidoptera study lens","Butterflies (Papilionoidea)","ZBJ_ART_DEG","ZBJ-Art degenerate",733,1894,3,0.00409276944065484,728,0.993178717598909,3,0.00409276944065484,0,0,0,0,0,1,0,"Hedylidae | Hesperiidae | Lycaenidae | Nymphalidae | Papilionidae | Pieridae | Riodinidae","Butterflies are shown separately instead of being forced into a moth size bin.",FALSE,"binding-region incomplete"
"Lepidoptera study lens","Macroheterocera (macro-moth core)","ZBJ_ART_DEG","ZBJ-Art degenerate",2397,6296,17,0.00709219858156028,2374,0.990404672507301,17,0.00709219858156028,0,0,0,1.94411764705882,3.14,0.88235294117647,0,"Apatelodidae | Bombycidae | Drepanidae | Erebidae | Eupterotidae | Euteliidae | Geometridae | Lasiocampidae | Lemoniidae | Noctuidae | Nolidae | Notodontidae | Saturniidae | Sphingidae | Uraniidae","A phylogenetic macro-moth core; this is more defensible than a body-size cutoff.",FALSE,"binding-region incomplete"
"Lepidoptera study lens","Microlepidoptera (operational grade)","ZBJ_ART_DEG","ZBJ-Art degenerate",1522,6746,5,0.00328515111695138,1518,0.997371879106439,5,0.00328515111695138,0,0,0,3.53,9.3,0.6,0,"Remaining represented Lepidoptera families after explicit butterfly, Macroheterocera, and boundary assignments.","Microlepidoptera is an operational, non-monophyletic grade.",FALSE,"binding-region incomplete"
