"order","pair_id","pair_label","n_templates","n_pair_scorable","pair_scorable_fraction","unavailable_fraction","perfect_match_fraction_among_scorable","forward_median_penalty","forward_p90_penalty","reverse_median_penalty","reverse_p90_penalty","pair_median_penalty","pair_p90_penalty","terminal_1_mismatch_fraction","terminal_3_mismatch_fraction","adjacent_mismatch_fraction"
"Acari","ANML","ANML",251,3,0.0119521912350598,0.98804780876494,0,98.2,136.76,105.7,259.3,192.2,203.72,0,0,1
"Acari","ARF","ARF1 + Fol-degen",251,6,0.0239043824701195,0.97609561752988,0.5,13.9,96.9,0,0,9.3,19.05,0,0,0.166666666666667
"Acari","BEEPRIME","BeePrime",251,244,0.972111553784861,0.0278884462151394,0,363.2,812.36,80.85,259.499,452.825,991.53,0.39344262295082,0.565573770491803,0.983606557377049
"Acari","BF1_BR1","BF1 + BR1",251,248,0.98804780876494,0.0119521912350598,0.399193548387097,11.77,63.37,0,254.7,17.62,272.92,0,0.0685483870967742,0.032258064516129
"Acari","BF1_BR2","BF1 + BR2",251,10,0.0398406374501992,0.960159362549801,0.8,11.77,63.37,0,0,0,24.755,0,0,0
"Acari","BF2_BR1","BF2 + BR1",251,243,0.968127490039841,0.0318725099601594,0.358024691358025,20.4,202.49,0,254.7,20.4,509.240000000001,0,0.065843621399177,0.201646090534979
"Acari","BF2_BR2","BF2 + BR2",251,6,0.0239043824701195,0.97609561752988,0.5,20.4,202.49,0,0,12.4,25.55,0,0,0.166666666666667
"Acari","BF3_BR2","BF3 + BR2",251,6,0.0239043824701195,0.97609561752988,0.833333333333333,0,123.2,0,0,0,99.05,0,0.166666666666667,0
"Acari","BR5_ARR5","BR5",251,244,0.972111553784861,0.0278884462151394,0.55327868852459,0,96.9,0,0,0,165.2,0,0,0.102459016393443
"Acari","F230R","F230R",251,3,0.0119521912350598,0.98804780876494,0,98.2,136.76,0,278.625,153.3,157.18,0,0,1
"Acari","FISH_F2_R1","FishF2 + FishR1",251,2,0.00796812749003984,0.99203187250996,0,266.45,307.76,128.3,169.57,396.625,410.325,0,1,0.5
"Acari","FOLMER","Folmer barcode",251,1,0.00398406374501992,0.99601593625498,0,98.2,136.76,102.75,131.99,98.2,98.2,0,0,1
"Acari","FWH1","fwh1",251,3,0.0119521912350598,0.98804780876494,0.666666666666667,0,43.6,0,70.9200000000002,0,43.6,0,0,0.333333333333333
"Acari","FWH2","fwh2",251,247,0.98406374501992,0.0159362549800797,0.157894736842105,20.15,94.87,30.1,193.8,75.25,238.668,0,0.161943319838057,0.048582995951417
"Acari","FWH2_EPTDR2N","fwh2 + EPTDr2n",251,247,0.98406374501992,0.0159362549800797,0.0121457489878543,20.15,94.87,491.3,1539.74,556.75,1617.618,0.0607287449392713,0.194331983805668,0.582995951417004
"Acari","HEXCOI","HexCOI",251,243,0.968127490039841,0.0318725099601594,0.45679012345679,0,189.616,0,124.836,20.4,458.05,0,0,0.17283950617284
"Acari","MCO","Leray 313",251,10,0.0398406374501992,0.960159362549801,0.6,40.25,201.712,0,0,0,53.965,0,0,0
"Acari","LERAY_XT","Leray-XT",251,10,0.0398406374501992,0.960159362549801,0.9,11.77,182.462,0,0,0,0.644999999999998,0,0,0
"Acari","MOLLCOI253","MollCOI253",251,248,0.98804780876494,0.0119521912350598,0,265.5,411.295,498.25,725.8,765.525,1066.44,0,0.975806451612903,0.879032258064516
"Acari","NOPLANT","NoPlant",251,245,0.97609561752988,0.0239043824701195,0.159183673469388,0,241.36,29.38,143.95,75.25,312.79,0,0.118367346938776,0.0979591836734694
"Acari","NOSPI2_LAURELIN","NoSpi2 + Laurelin",251,246,0.9800796812749,0.0199203187250996,0.235772357723577,0,239,30.1,241.63,93.045,370.835,0.032520325203252,0.288617886178862,0.0365853658536585
"Acari","NOSPID","Spidprey",251,246,0.9800796812749,0.0199203187250996,0.211382113821138,21.65,484.8,22.4,216.99,117.4,547.3,0.126016260162602,0.288617886178862,0.0772357723577236
"Acari","VERT","Vertebrate COI",251,1,0.00398406374501992,0.99601593625498,0,131.1,131.1,49.85,227.04,180.95,180.95,0,0,0
"Acari","ZBJ_ART","ZBJ-Art",251,16,0.0637450199203187,0.936254980079681,0,112.6,427.66,119.85,272.466,207.4,552.885,0.125,0.5,0.3125
"Acari","ZBJ_ART_DEG","ZBJ-Art degenerate",251,16,0.0637450199203187,0.936254980079681,0,82.2,378.545,7.85,101.435,106.025,389.42,0.125,0.25,0.25
"Amphipoda","ANML","ANML",24,9,0.375,0.625,0,149.1,198.5,163.475,254.39,306.75,407.78,0,1,1
"Amphipoda","ARF","ARF1 + Fol-degen",24,14,0.583333333333333,0.416666666666667,0,50.1,61.87,0,0,50.1,61.87,0,0,1
"Amphipoda","BEEPRIME","BeePrime",24,24,1,0,0,690.925,825.75,88.25,293.094,863.485,996.851,1,1,1
"Amphipoda","BF1_BR1","BF1 + BR1",24,24,1,0,0.208333333333333,18.62,142.4,0,90.3,29.38,163.891,0,0.0833333333333333,0
"Amphipoda","BF1_BR2","BF1 + BR2",24,14,0.583333333333333,0.416666666666667,0.0714285714285714,18.62,142.4,0,16.485,29.38,154.734,0,0,0
"Amphipoda","BF2_BR1","BF2 + BR1",24,24,1,0,0,81.71,185.13,0,90.3,95.42,248.34,0,0.0833333333333333,1
"Amphipoda","BF2_BR2","BF2 + BR2",24,14,0.583333333333333,0.416666666666667,0,81.71,185.13,0,16.485,79.775,147.859,0,0,1
"Amphipoda","BF3_BR2","BF3 + BR2",24,14,0.583333333333333,0.416666666666667,0.642857142857143,0,70.23,0,16.485,0,21.981,0,0,0
"Amphipoda","BR5_ARR5","BR5",24,24,1,0,1,0,0,0,0,0,0,0,0,0
"Amphipoda","F230R","F230R",24,9,0.375,0.625,0,149.1,198.5,0,4.3,165.15,199.36,0,0.444444444444444,1
"Amphipoda","FISH_F2_R1","FishF2 + FishR1",24,9,0.375,0.625,0,228.3,387.44,87.25,157.025,340.95,497.57,0,0.888888888888889,0
"Amphipoda","FOLMER","Folmer barcode",24,9,0.375,0.625,0,149.1,198.5,117.25,201.99,212.25,393.04,0,0.666666666666667,1
"Amphipoda","FWH1","fwh1",24,9,0.375,0.625,0,0,20.37,7.85,42.94,20.37,37.64,0,0,0
"Amphipoda","FWH2","fwh2",24,24,1,0,0.0416666666666667,38.67,98.37,0,179.505,71.185,222.19,0,0.208333333333333,0
"Amphipoda","FWH2_EPTDR2N","fwh2 + EPTDr2n",24,24,1,0,0,38.67,98.37,90,356.45,163.51,413.241,0,0.125,0.166666666666667
"Amphipoda","HEXCOI","HexCOI",24,24,1,0,0.208333333333333,9.16,117.13,3.925,27.03,18.32,117.13,0,0,0
"Amphipoda","MCO","Leray 313",24,14,0.583333333333333,0.416666666666667,0,60.685,241.179,0,0,86.935,277.375,0,0.214285714285714,0
"Amphipoda","LERAY_XT","Leray-XT",24,14,0.583333333333333,0.416666666666667,0.142857142857143,15.695,180.559,0,0,22.845,232.761,0,0.214285714285714,0
"Amphipoda","MOLLCOI253","MollCOI253",24,24,1,0,0,207.3,286.42,382.6,591.6,622.575,800.5,0,0.916666666666667,0.958333333333333
"Amphipoda","NOPLANT","NoPlant",24,24,1,0,0.0833333333333333,10.03,91.921,51.035,137.54,96.16,167.206,0,0.333333333333333,0
"Amphipoda","NOSPI2_LAURELIN","NoSpi2 + Laurelin",24,24,1,0,0.208333333333333,0,84.9,84.11,212.25,134.78,232.816,0,0.458333333333333,0
"Amphipoda","NOSPID","Spidprey",24,24,1,0,0,86.6,101.07,75.3,227.93,132.035,314.53,0,0.208333333333333,0
"Amphipoda","VERT","Vertebrate COI",24,9,0.375,0.625,0,91.92,147.5,49.85,49.85,141.77,197.35,0,0.111111111111111,0
"Amphipoda","ZBJ_ART","ZBJ-Art",24,9,0.375,0.625,0,398.64,620.84,214.1,249.069,631.86,806.658,0,1,1
"Amphipoda","ZBJ_ART_DEG","ZBJ-Art degenerate",24,9,0.375,0.625,0,263.1,695.054,23.36,53.825,270.95,737.106,0,1,0.222222222222222
"Araneae","ANML","ANML",46,1,0.0217391304347826,0.978260869565217,0,127.9,127.9,118.45,227.02,201.9,201.9,0,0,1
"Araneae","ARF","ARF1 + Fol-degen",46,39,0.847826086956522,0.152173913043478,0.666666666666667,0,30.37,0,0,0,30.37,0,0,0
"Araneae","BEEPRIME","BeePrime",46,42,0.91304347826087,0.0869565217391304,0,848.975,907.9,207.685,652.281,1098.26,1498.247,1,1,1
"Araneae","BF1_BR1","BF1 + BR1",46,42,0.91304347826087,0.0869565217391304,0.0238095238095238,41.8,59.42,0,254.7,41.8,314.12,0,0.238095238095238,0.0714285714285714
"Araneae","BF1_BR2","BF1 + BR2",46,39,0.847826086956522,0.152173913043478,0,41.8,59.42,0,18.8400000000001,41.8,78.29,0,0,0.0512820512820513
"Araneae","BF2_BR1","BF2 + BR1",46,42,0.91304347826087,0.0869565217391304,0.476190476190476,0,117.13,0,254.7,18.32,304.178,0,0.238095238095238,0.0238095238095238
"Araneae","BF2_BR2","BF2 + BR2",46,39,0.847826086956522,0.152173913043478,0.487179487179487,0,117.13,0,18.8400000000001,18.32,122.184,0,0,0
"Araneae","BF3_BR2","BF3 + BR2",46,39,0.847826086956522,0.152173913043478,0.641025641025641,0,84.963,0,18.8400000000001,0,86.99,0,0.0769230769230769,0
"Araneae","BR5_ARR5","BR5",46,42,0.91304347826087,0.0869565217391304,0.904761904761905,0,0,0,0,0,0,0,0,0
"Araneae","F230R","F230R",46,1,0.0217391304347826,0.978260869565217,0,127.9,127.9,14.5,30.12,426.5,426.5,1,1,1
"Araneae","FISH_F2_R1","FishF2 + FishR1",46,1,0.0217391304347826,0.978260869565217,0,242.75,242.75,142.85,183.53,327.45,327.45,0,1,0
"Araneae","FOLMER","Folmer barcode",46,1,0.0217391304347826,0.978260869565217,0,127.9,127.9,73.8,206.33,171.05,171.05,0,0,1
"Araneae","FWH1","fwh1",46,1,0.0217391304347826,0.978260869565217,0,0,0,7.85,53.97,53.97,53.97,0,0,0
"Araneae","FWH2","fwh2",46,42,0.91304347826087,0.0869565217391304,0,26.3,109.95,24.86,227.3,80.795,305.657,0,0.261904761904762,0.0714285714285714
"Araneae","FWH2_EPTDR2N","fwh2 + EPTDr2n",46,42,0.91304347826087,0.0869565217391304,0,26.3,109.95,808.625,1641.175,835.87,1818.55,0,0.142857142857143,1
"Araneae","HEXCOI","HexCOI",46,42,0.91304347826087,0.0869565217391304,0.523809523809524,0,117.13,0,7.85,0,139.873,0,0,0.0238095238095238
"Araneae","MCO","Leray 313",46,39,0.847826086956522,0.152173913043478,0,38.91,190.044,0,0,33.95,147.652,0,0.102564102564103,0.435897435897436
"Araneae","LERAY_XT","Leray-XT",46,39,0.847826086956522,0.152173913043478,0,16.42,161.992,0,0,16.42,74.7860000000004,0,0.102564102564103,0.41025641025641
"Araneae","MOLLCOI253","MollCOI253",46,42,0.91304347826087,0.0869565217391304,0,276.125,335.755,444,579.5,703.35,855.12,0,0.976190476190476,0.785714285714286
"Araneae","NOPLANT","NoPlant",46,42,0.91304347826087,0.0869565217391304,0,257.45,595.088,81.4,190.58,397.33,676.488,0.0714285714285714,0.404761904761905,0.119047619047619
"Araneae","NOSPI2_LAURELIN","NoSpi2 + Laurelin",46,42,0.91304347826087,0.0869565217391304,0,257.45,595.088,137,292.6,479.35,733.212,0.952380952380952,0.952380952380952,0.119047619047619
"Araneae","NOSPID","Spidprey",46,42,0.91304347826087,0.0869565217391304,0,520.4,584.423,137,312.76,708.4,864.135,1,1,0
"Araneae","VERT","Vertebrate COI",46,0,0,1,,,,131.5,362.65,,,,,
"Araneae","ZBJ_ART","ZBJ-Art",46,2,0.0434782608695652,0.956521739130435,0,296.2,475.6,175.4,280.097,376.51,552.238,0,0.5,0.5
"Araneae","ZBJ_ART_DEG","ZBJ-Art degenerate",46,2,0.0434782608695652,0.956521739130435,0,77.82,77.82,12.1,59.57,104.805,126.393,0,0,0
"Bivalvia","ANML","ANML",21,16,0.761904761904762,0.238095238095238,0,93.725,256.425,275.75,994.9,401.8,1155.725,0,0.9375,0.9375
"Bivalvia","ARF","ARF1 + Fol-degen",21,18,0.857142857142857,0.142857142857143,0.0555555555555556,204.74,306.4,0,0,197.09,292.12,0,0,0.888888888888889
"Bivalvia","BEEPRIME","BeePrime",21,18,0.857142857142857,0.142857142857143,0,863.3,979.245,120.87,466.87,990.045,1301.601,0.888888888888889,1,1
"Bivalvia","BF1_BR1","BF1 + BR1",21,20,0.952380952380952,0.0476190476190476,0.05,64.99,305.24,332.15,857.05,552.56,928.599,0,0.2,0.5
"Bivalvia","BF1_BR2","BF1 + BR2",21,18,0.857142857142857,0.142857142857143,0.166666666666667,64.99,305.24,0,0,160.02,344.258,0,0,0.277777777777778
"Bivalvia","BF2_BR1","BF2 + BR1",21,20,0.952380952380952,0.0476190476190476,0.05,236.5,800.38,332.15,857.05,668.025,1330.234,0,0.3,0.95
"Bivalvia","BF2_BR2","BF2 + BR2",21,18,0.857142857142857,0.142857142857143,0.0555555555555556,236.5,800.38,0,0,236.5,656.338,0,0.111111111111111,0.888888888888889
"Bivalvia","BF3_BR2","BF3 + BR2",21,18,0.857142857142857,0.142857142857143,0.166666666666667,133,407.6,0,0,133,389.338,0,0.0555555555555556,0.722222222222222
"Bivalvia","BR5_ARR5","BR5",21,21,1,0,0.0476190476190476,133,286,35.6,122.2,168.6,357.9,0,0,0.714285714285714
"Bivalvia","F230R","F230R",21,16,0.761904761904762,0.238095238095238,0,93.725,256.425,488.55,1128.15,538.725,588.95,0.625,0.625,0.9375
"Bivalvia","FISH_F2_R1","FishF2 + FishR1",21,13,0.619047619047619,0.380952380952381,0,247.375,442.475,185.875,235.505,418.7,684.61,0.0769230769230769,1,0.230769230769231
"Bivalvia","FOLMER","Folmer barcode",21,13,0.619047619047619,0.380952380952381,0,93.725,256.425,142.365,201.985,266.95,391.45,0,0.846153846153846,0.307692307692308
"Bivalvia","FWH1","fwh1",21,16,0.761904761904762,0.238095238095238,0,11.77,96.92,53.97,239,123.825,269.37,0,0.0625,0.3125
"Bivalvia","FWH2","fwh2",21,21,1,0,0,143.52,296.47,122.2,412.13,316.99,626.52,0,0.333333333333333,0.523809523809524
"Bivalvia","FWH2_EPTDR2N","fwh2 + EPTDr2n",21,21,1,0,0,143.52,296.47,1600.4,2781.6,1781.54,2944.55,0.142857142857143,0.80952380952381,0.952380952380952
"Bivalvia","HEXCOI","HexCOI",21,21,1,0,0,211.7,708.14,275.05,864.9,684.95,1294.85,0,0.19047619047619,0.857142857142857
"Bivalvia","MCO","Leray 313",21,18,0.857142857142857,0.142857142857143,0,143.52,351.6,0,0,143.52,352.041,0,0.222222222222222,0.277777777777778
"Bivalvia","LERAY_XT","Leray-XT",21,18,0.857142857142857,0.142857142857143,0.166666666666667,14,272.92,0,0,20.31,269.074,0,0.222222222222222,0.111111111111111
"Bivalvia","MOLLCOI253","MollCOI253",21,21,1,0,0,307.55,478.2,475.65,693,795.2,994.95,0,0.904761904761905,1
"Bivalvia","NOPLANT","NoPlant",21,21,1,0,0,393.8,908.84,115.27,234.83,460.19,1268.99,0,0.523809523809524,0.80952380952381
"Bivalvia","NOSPI2_LAURELIN","NoSpi2 + Laurelin",21,21,1,0,0,378.3,869.34,170.68,385.59,537.44,1341.44,0.0952380952380952,0.619047619047619,0.428571428571429
"Bivalvia","NOSPID","Spidprey",21,21,1,0,0,592.8,1042.12,157.1,277.55,749.9,1681.9,0.904761904761905,0.904761904761905,0.714285714285714
"Bivalvia","VERT","Vertebrate COI",21,16,0.761904761904762,0.238095238095238,0,178.93,291.565,273.9,844.05,430.815,568.62,0,0.375,0.75
"Bivalvia","ZBJ_ART","ZBJ-Art",21,16,0.761904761904762,0.238095238095238,0,847.475,2026.175,286,673.5,1339,2589.5,0.375,1,0.9375
"Bivalvia","ZBJ_ART_DEG","ZBJ-Art degenerate",21,16,0.761904761904762,0.238095238095238,0,685.645,1807.41,69.27,249.2,916.71,1929.74,0.375,1,0.875
"Blattodea","ANML","ANML",21,5,0.238095238095238,0.761904761904762,0,166.45,224.38,64.425,231.54,216.65,258.89,0,0.4,1
"Blattodea","ARF","ARF1 + Fol-degen",21,10,0.476190476190476,0.523809523809524,0.6,0,18.702,0,5.97499999999998,0,24.677,0,0,0
"Blattodea","BEEPRIME","BeePrime",21,10,0.476190476190476,0.523809523809524,0,699.85,731.77,11.61,219.612,727.75,888.742,1,1,1
"Blattodea","BF1_BR1","BF1 + BR1",21,10,0.476190476190476,0.523809523809524,0.7,0,75.25,0,0,0,75.25,0,0,0
"Blattodea","BF1_BR2","BF1 + BR2",21,10,0.476190476190476,0.523809523809524,0.7,0,75.25,0,5.97499999999998,0,81.225,0,0,0
"Blattodea","BF2_BR1","BF2 + BR1",21,10,0.476190476190476,0.523809523809524,0.7,0,25.062,0,0,0,25.062,0,0,0
"Blattodea","BF2_BR2","BF2 + BR2",21,10,0.476190476190476,0.523809523809524,0.6,0,25.062,0,5.97499999999998,0,30.653,0,0,0
"Blattodea","BF3_BR2","BF3 + BR2",21,10,0.476190476190476,0.523809523809524,0.6,0,36.2979999999999,0,5.97499999999998,0,73.585,0,0.1,0
"Blattodea","BR5_ARR5","BR5",21,10,0.476190476190476,0.523809523809524,0.9,0,0.444999999999998,0,0,0,0.444999999999998,0,0,0
"Blattodea","F230R","F230R",21,5,0.238095238095238,0.761904761904762,0,166.45,224.38,0,2.365,166.45,226.1,0,0.2,1
"Blattodea","FISH_F2_R1","FishF2 + FishR1",21,5,0.238095238095238,0.761904761904762,0,263.62,266.15,89.85,180.9,325.35,399.48,0,0.8,0
"Blattodea","FOLMER","Folmer barcode",21,5,0.238095238095238,0.761904761904762,0,166.45,224.38,153.95,168.87,313.5,386.83,0,0.2,1
"Blattodea","FWH1","fwh1",21,5,0.238095238095238,0.761904761904762,0.8,0,11.772,0,0.784999999999997,0,16.482,0,0,0
"Blattodea","FWH2","fwh2",21,10,0.476190476190476,0.523809523809524,0.4,0,57.125,0,81.32,58.025,109.238,0,0,0
"Blattodea","FWH2_EPTDR2N","fwh2 + EPTDr2n",21,10,0.476190476190476,0.523809523809524,0,0,57.125,86.525,124.015,106.21,162.45,0,0,0
"Blattodea","HEXCOI","HexCOI",21,10,0.476190476190476,0.523809523809524,0.8,0,8.86199999999999,0,0,0,8.86199999999999,0,0,0
"Blattodea","MCO","Leray 313",21,10,0.476190476190476,0.523809523809524,0.2,169.8,226.925,0,5.97499999999998,169.8,233.622,0,0.6,0
"Blattodea","LERAY_XT","Leray-XT",21,10,0.476190476190476,0.523809523809524,0.2,169.8,187.012,0,5.97499999999998,169.8,192.987,0,0.6,0
"Blattodea","MOLLCOI253","MollCOI253",21,10,0.476190476190476,0.523809523809524,0,260.25,370.42,675.05,871.8,911.225,1122.4,0,1,1
"Blattodea","NOPLANT","NoPlant",21,10,0.476190476190476,0.523809523809524,0.1,0,46.695,17.2,60.955,35.17,87.622,0,0.2,0
"Blattodea","NOSPI2_LAURELIN","NoSpi2 + Laurelin",21,10,0.476190476190476,0.523809523809524,0.3,0,46.695,0,69.205,27.67,92.083,0,0.3,0
"Blattodea","NOSPID","Spidprey",21,10,0.476190476190476,0.523809523809524,0.3,0,37.217,22.4,62.225,22.4,92.915,0,0.1,0
"Blattodea","VERT","Vertebrate COI",21,5,0.238095238095238,0.761904761904762,0,117.2,148.22,49.85,49.85,143.5,198.07,0,0.4,0
"Blattodea","ZBJ_ART","ZBJ-Art",21,5,0.238095238095238,0.761904761904762,0,191,512.61,135.1,222.2,241.17,717.21,0,0.8,0.4
"Blattodea","ZBJ_ART_DEG","ZBJ-Art degenerate",21,5,0.238095238095238,0.761904761904762,0.6,0,18.972,0,3.683,0,24.97,0,0,0
"Coleoptera","ANML","ANML",46,8,0.173913043478261,0.826086956521739,0,152.75,196.065,25.9,183.905,250,342.355,0,0.375,1
"Coleoptera","ARF","ARF1 + Fol-degen",46,30,0.652173913043478,0.347826086956522,0.833333333333333,0,14.91,0,0,0,19.62,0.0333333333333333,0.0333333333333333,0.0333333333333333
"Coleoptera","BEEPRIME","BeePrime",46,29,0.630434782608696,0.369565217391304,0,662.45,823.14,5.6,217.85,748.5,948.03,0.862068965517241,0.896551724137931,1
"Coleoptera","BF1_BR1","BF1 + BR1",46,41,0.891304347826087,0.108695652173913,0.707317073170732,0,29.39,0,0,0,35.25,0,0,0
"Coleoptera","BF1_BR2","BF1 + BR2",46,34,0.739130434782609,0.260869565217391,0.735294117647059,0,29.39,0,0,0,29.39,0.0294117647058824,0.0294117647058824,0
"Coleoptera","BF2_BR1","BF2 + BR1",46,38,0.826086956521739,0.173913043478261,0.921052631578947,0,0,0,0,0,0,0,0,0
"Coleoptera","BF2_BR2","BF2 + BR2",46,31,0.673913043478261,0.326086956521739,0.935483870967742,0,0,0,0,0,0,0.032258064516129,0.032258064516129,0
"Coleoptera","BF3_BR2","BF3 + BR2",46,30,0.652173913043478,0.347826086956522,0.933333333333333,0,0,0,0,0,0,0.0333333333333333,0.0333333333333333,0
"Coleoptera","BR5_ARR5","BR5",46,37,0.804347826086957,0.195652173913043,1,0,0,0,0,0,0,0,0,0
"Coleoptera","F230R","F230R",46,8,0.173913043478261,0.826086956521739,0,152.75,196.065,0,31.6,174.3,199.775,0,0.25,1
"Coleoptera","FISH_F2_R1","FishF2 + FishR1",46,8,0.173913043478261,0.826086956521739,0,263.975,301.655,136.8,169.55,381.85,447.98,0,0.875,0
"Coleoptera","FOLMER","Folmer barcode",46,8,0.173913043478261,0.826086956521739,0,152.75,196.065,108.35,172.08,269.075,305.85,0,0.25,1
"Coleoptera","FWH1","fwh1",46,8,0.173913043478261,0.826086956521739,0.5,0,23.541,0,95.8269999999999,3.925,221.641,0,0.25,0
"Coleoptera","FWH2","fwh2",46,41,0.891304347826087,0.108695652173913,0.317073170731707,0,45.15,0,127.35,27.67,155.6,0,0.121951219512195,0
"Coleoptera","FWH2_EPTDR2N","fwh2 + EPTDr2n",46,41,0.891304347826087,0.108695652173913,0.048780487804878,0,45.15,107.3,382.35,107.3,389.7,0,0.048780487804878,0.365853658536585
"Coleoptera","HEXCOI","HexCOI",46,38,0.826086956521739,0.173913043478261,0.789473684210526,0,0,0,7.85,0,7.85,0,0,0
"Coleoptera","MCO","Leray 313",46,34,0.739130434782609,0.260869565217391,0.382352941176471,6.45,169.8,0,0,9.11,169.8,0.0294117647058824,0.205882352941176,0.0294117647058824
"Coleoptera","LERAY_XT","Leray-XT",46,34,0.739130434782609,0.260869565217391,0.441176470588235,0,169.8,0,0,6.45,169.8,0.0294117647058824,0.205882352941176,0.0294117647058824
"Coleoptera","MOLLCOI253","MollCOI253",46,41,0.891304347826087,0.108695652173913,0,277.95,391.3,512.6,766.3,745.15,970.35,0,1,0.951219512195122
"Coleoptera","NOPLANT","NoPlant",46,38,0.826086956521739,0.173913043478261,0.473684210526316,0,63.5500000000001,0,75.3,14.485,145.106,0,0.0263157894736842,0
"Coleoptera","NOSPI2_LAURELIN","NoSpi2 + Laurelin",46,38,0.826086956521739,0.173913043478261,0.552631578947368,0,63.5500000000001,0,125.5,0,151.712,0,0.131578947368421,0
"Coleoptera","NOSPID","Spidprey",46,38,0.826086956521739,0.173913043478261,0.578947368421053,0,97.2800000000001,0,127.35,0,188.970000000001,0,0.105263157894737,0
"Coleoptera","VERT","Vertebrate COI",46,8,0.173913043478261,0.826086956521739,0,69.53,122.3,49.85,192.25,175.64,352.35,0,0.25,0
"Coleoptera","ZBJ_ART","ZBJ-Art",46,10,0.217391304347826,0.782608695652174,0,110.95,257.165,96.55,195.29,233.175,342.895,0,0.7,0.1
"Coleoptera","ZBJ_ART_DEG","ZBJ-Art degenerate",46,10,0.217391304347826,0.782608695652174,0.3,0,98.5579999999999,3.225,97.762,19.9,225.102,0,0.3,0
"Collembola","ANML","ANML",159,6,0.0377358490566038,0.962264150943396,0,0,0,125.2,245.78,119.175,150.575,0,0.666666666666667,0
"Collembola","ARF","ARF1 + Fol-degen",159,6,0.0377358490566038,0.962264150943396,0.833333333333333,0,18.6,0,0,0,5.885,0,0,0
"Collembola","BEEPRIME","BeePrime",159,156,0.981132075471698,0.0188679245283019,0,708.95,784.875,42.67,236.3,786.145,994.725,0.993589743589744,1,1
"Collembola","BF1_BR1","BF1 + BR1",159,156,0.981132075471698,0.0188679245283019,0.538461538461538,0,49,0,103.715,0,125.94,0,0.0833333333333333,0
"Collembola","BF1_BR2","BF1 + BR2",159,7,0.0440251572327044,0.955974842767296,0.428571428571429,0,49,0,0,19.62,65.038,0,0,0
"Collembola","BF2_BR1","BF2 + BR1",159,155,0.974842767295597,0.0251572327044025,0.761290322580645,0,20.912,0,103.715,0,117.484,0,0.0838709677419355,0
"Collembola","BF2_BR2","BF2 + BR2",159,7,0.0440251572327044,0.955974842767296,0.857142857142857,0,20.912,0,0,0,57.8200000000001,0,0,0
"Collembola","BF3_BR2","BF3 + BR2",159,7,0.0440251572327044,0.955974842767296,0.714285714285714,0,18.32,0,0,0,132.37,0,0.142857142857143,0
"Collembola","BR5_ARR5","BR5",159,155,0.974842767295597,0.0251572327044025,0.980645161290323,0,0,0,0,0,0,0,0,0
"Collembola","F230R","F230R",159,6,0.0377358490566038,0.962264150943396,1,0,0,0,11.75,0,0,0,0,0
"Collembola","FISH_F2_R1","FishF2 + FishR1",159,6,0.0377358490566038,0.962264150943396,0,235.5,320.4,88.65,88.65,324.15,409.05,0,0.833333333333333,0
"Collembola","FOLMER","Folmer barcode",159,6,0.0377358490566038,0.962264150943396,1,0,0,0,0,0,0,0,0,0
"Collembola","FWH1","fwh1",159,6,0.0377358490566038,0.962264150943396,0,12.9,12.9,0,117.13,12.9,12.9,0,0,0
"Collembola","FWH2","fwh2",159,155,0.974842767295597,0.0251572327044025,0.154838709677419,14,115.08,35.72,187.55,75.25,263.43,0,0.187096774193548,0.0129032258064516
"Collembola","FWH2_EPTDR2N","fwh2 + EPTDr2n",159,156,0.981132075471698,0.0188679245283019,0,14,115.08,251.35,427.37,274.85,495.675,0,0.0897435897435897,0.67948717948718
"Collembola","HEXCOI","HexCOI",159,155,0.974842767295597,0.0251572327044025,0.729032258064516,0,7.3280000000001,0,7.85,0,44.33,0,0,0
"Collembola","MCO","Leray 313",159,6,0.0377358490566038,0.962264150943396,0,27.67,254.7,0,0,48.785,255.195,0,0.333333333333333,0
"Collembola","LERAY_XT","Leray-XT",159,6,0.0377358490566038,0.962264150943396,0,10.75,227.078,0,0,26.21,211.695,0,0.333333333333333,0
"Collembola","MOLLCOI253","MollCOI253",159,157,0.987421383647799,0.0125786163522013,0,276.425,387.73,523.3,810.23,786.3,1112.4,0,1,0.89171974522293
"Collembola","NOPLANT","NoPlant",159,156,0.981132075471698,0.0188679245283019,0.288461538461538,0,84.9,17.2,104.434,29.175,138.81,0,0.0705128205128205,0.00641025641025641
"Collembola","NOSPI2_LAURELIN","NoSpi2 + Laurelin",159,157,0.987421383647799,0.0125786163522013,0.356687898089172,0,84.9,17.62,161.452,29.38,203.5,0,0.24203821656051,0.00636942675159236
"Collembola","NOSPID","Spidprey",159,156,0.981132075471698,0.0188679245283019,0.314102564102564,0,92.3880000000001,0,149.75,52.5,227.025,0.0128205128205128,0.185897435897436,0
"Collembola","VERT","Vertebrate COI",159,0,0,1,,,,31.4,83.5500000000008,,,,,
"Collembola","ZBJ_ART","ZBJ-Art",159,8,0.050314465408805,0.949685534591195,0,151.27,348.805,96.65,246.72,314.9,418.71,0,0.625,0.25
"Collembola","ZBJ_ART_DEG","ZBJ-Art degenerate",159,8,0.050314465408805,0.949685534591195,0,84.125,95.466,6.45,117.13,89.5,101.66,0,0,0.125
"Decapoda","ANML","ANML",30,15,0.5,0.5,0,116.6,221.99,78.875,201.91,183.5,311.14,0,0.266666666666667,1
"Decapoda","ARF","ARF1 + Fol-degen",30,27,0.9,0.1,0.814814814814815,0,11.77,0,0,0,11.77,0,0,0
"Decapoda","BEEPRIME","BeePrime",30,30,1,0,0,679.875,765.125,78.075,221.805,773.745,949.737,1,1,1
"Decapoda","BF1_BR1","BF1 + BR1",30,30,1,0,0.5,0,49.792,0,9.03000000000013,8.81,76.755,0,0.0666666666666667,0
"Decapoda","BF1_BR2","BF1 + BR2",30,27,0.9,0.1,0.481481481481481,0,49.792,0,0,17.62,52.168,0,0,0
"Decapoda","BF2_BR1","BF2 + BR1",30,30,1,0,0.8,0,15.081,0,9.03000000000013,0,117.189,0,0.0666666666666667,0
"Decapoda","BF2_BR2","BF2 + BR2",30,27,0.9,0.1,0.851851851851852,0,15.081,0,0,0,19.194,0,0,0
"Decapoda","BF3_BR2","BF3 + BR2",30,27,0.9,0.1,0.851851851851852,0,10.076,0,0,0,12.824,0,0,0
"Decapoda","BR5_ARR5","BR5",30,30,1,0,1,0,0,0,0,0,0,0,0,0
"Decapoda","F230R","F230R",30,15,0.5,0.5,0,116.6,221.99,0,5.04500000000001,120.2,221.99,0,0.2,1
"Decapoda","FISH_F2_R1","FishF2 + FishR1",30,15,0.5,0.5,0,193.6,248.4,105.55,210.158,328.7,461.452,0,1,0
"Decapoda","FOLMER","Folmer barcode",30,15,0.5,0.5,0,116.6,221.99,111.7,181.76,232.35,315.85,0,0.466666666666667,1
"Decapoda","FWH1","fwh1",30,15,0.5,0.5,0.666666666666667,0,0,0,8.87000000000002,0,13.97,0,0,0
"Decapoda","FWH2","fwh2",30,30,1,0,0.233333333333333,16.81,103.037,0,127.35,92.085,181.983,0,0.2,0
"Decapoda","FWH2_EPTDR2N","fwh2 + EPTDr2n",30,30,1,0,0,16.81,103.037,99.05,153.185,122.8,236.305,0,0.1,0.0333333333333333
"Decapoda","HEXCOI","HexCOI",30,30,1,0,0.733333333333333,0,15.081,0,7.85,0,15.081,0,0,0
"Decapoda","MCO","Leray 313",30,27,0.9,0.1,0.185185185185185,38.895,221.335,0,0,78.77,229.24,0,0.222222222222222,0
"Decapoda","LERAY_XT","Leray-XT",30,27,0.9,0.1,0.185185185185185,14,184.365,0,0,18.22,195.81,0,0.222222222222222,0
"Decapoda","MOLLCOI253","MollCOI253",30,30,1,0,0,251.475,362.835,427.9,841.24,663.2,1083.26,0,1,0.8
"Decapoda","NOPLANT","NoPlant",30,30,1,0,0.266666666666667,0,84.9,23.085,94.882,41.91,171.97,0,0.2,0
"Decapoda","NOSPI2_LAURELIN","NoSpi2 + Laurelin",30,30,1,0,0.4,0,84.9,8.81,157.547,51.17,229.87,0,0.333333333333333,0
"Decapoda","NOSPID","Spidprey",30,30,1,0,0.233333333333333,0,86.6,22.4,155.785,86.6,212.1,0,0.233333333333333,0
"Decapoda","VERT","Vertebrate COI",30,15,0.5,0.5,0,117.2,146.58,49.85,49.85,166.33,196.43,0,0,0
"Decapoda","ZBJ_ART","ZBJ-Art",30,18,0.6,0.4,0,136,219.49,83.1,205.437,165.9,324.435,0.0555555555555556,0.555555555555556,0.0555555555555556
"Decapoda","ZBJ_ART_DEG","ZBJ-Art degenerate",30,18,0.6,0.4,0.222222222222222,0,154.385,9.525,46.12,12.6,172.54,0.0555555555555556,0.0555555555555556,0
"Diptera","ANML","ANML",31,7,0.225806451612903,0.774193548387097,0,116.25,128.72,18.45,77.59,120.2,154.62,0,0,1
"Diptera","ARF","ARF1 + Fol-degen",31,23,0.741935483870968,0.258064516129032,0.739130434782609,0,19.62,0,0,0,19.62,0,0,0
"Diptera","BEEPRIME","BeePrime",31,27,0.870967741935484,0.129032258064516,0,666.7,687.26,5.6,85.606,672.3,762.938,1,1,1
"Diptera","BF1_BR1","BF1 + BR1",31,29,0.935483870967742,0.0645161290322581,0.827586206896552,0,3.52399999999999,0,0,0,65.266,0,0.0689655172413793,0
"Diptera","BF1_BR2","BF1 + BR2",31,25,0.806451612903226,0.193548387096774,0.88,0,3.52399999999999,0,0,0,10.572,0,0,0
"Diptera","BF2_BR1","BF2 + BR1",31,27,0.870967741935484,0.129032258064516,0.851851851851852,0,0,0,0,0,65.1720000000003,0,0.0740740740740741,0
"Diptera","BF2_BR2","BF2 + BR2",31,23,0.741935483870968,0.258064516129032,0.91304347826087,0,0,0,0,0,0,0,0,0
"Diptera","BF3_BR2","BF3 + BR2",31,23,0.741935483870968,0.258064516129032,0.956521739130435,0,0,0,0,0,0,0,0,0
"Diptera","BR5_ARR5","BR5",31,27,0.870967741935484,0.129032258064516,1,0,0,0,0,0,0,0,0,0
"Diptera","F230R","F230R",31,7,0.225806451612903,0.774193548387097,0,116.25,128.72,0,11.75,116.25,128.72,0,0,1
"Diptera","FISH_F2_R1","FishF2 + FishR1",31,8,0.258064516129032,0.741935483870968,0,236.35,299.52,91.825,169.4,339.475,452.675,0,1,0
"Diptera","FOLMER","Folmer barcode",31,7,0.225806451612903,0.774193548387097,0,116.25,128.72,101.675,161.275,153.25,231.91,0,0,1
"Diptera","FWH1","fwh1",31,8,0.258064516129032,0.741935483870968,0.875,0,1.395,0,0,0,1.395,0,0,0
"Diptera","FWH2","fwh2",31,29,0.935483870967742,0.0645161290322581,0.655172413793103,0,17.304,0,127.35,0,129.334,0,0.103448275862069,0
"Diptera","FWH2_EPTDR2N","fwh2 + EPTDr2n",31,29,0.935483870967742,0.0645161290322581,0.137931034482759,0,17.304,22.4,110.08,22.4,165.722,0,0.0344827586206897,0.0689655172413793
"Diptera","HEXCOI","HexCOI",31,27,0.870967741935484,0.129032258064516,0.851851851851852,0,0,0,0,0,7.85,0,0,0
"Diptera","MCO","Leray 313",31,25,0.806451612903226,0.193548387096774,0.36,39.44,171.09,0,0,169.8,169.8,0,0.52,0
"Diptera","LERAY_XT","Leray-XT",31,25,0.806451612903226,0.193548387096774,0.36,39.44,171.09,0,0,169.8,169.8,0,0.52,0
"Diptera","MOLLCOI253","MollCOI253",31,29,0.935483870967742,0.0645161290322581,0,333.3,395.7,528.8,622.08,815.5,1021.31,0,1,1
"Diptera","NOPLANT","NoPlant",31,28,0.903225806451613,0.0967741935483871,0.392857142857143,0,18.45,17.2,35.22,17.2,43.174,0,0,0
"Diptera","NOSPI2_LAURELIN","NoSpi2 + Laurelin",31,28,0.903225806451613,0.0967741935483871,0.678571428571429,0,18.45,0,28.012,0,32.806,0,0,0
"Diptera","NOSPID","Spidprey",31,28,0.903225806451613,0.0967741935483871,0.357142857142857,0,39.941,22.4,22.4,22.4,89.48,0,0,0
"Diptera","VERT","Vertebrate COI",31,7,0.225806451612903,0.774193548387097,0,109.68,151.16,26.3,49.85,135.98,186.88,0,0.142857142857143,0
"Diptera","ZBJ_ART","ZBJ-Art",31,9,0.290322580645161,0.709677419354839,0.222222222222222,57.45,135.56,13.4,213.58,57.45,253.01,0,0.444444444444444,0
"Diptera","ZBJ_ART_DEG","ZBJ-Art degenerate",31,9,0.290322580645161,0.709677419354839,0.666666666666667,0,1.67999999999999,0,13.78,0,11.76,0,0,0
"Ephemeroptera","ANML","ANML",9,7,0.777777777777778,0.222222222222222,0,108.25,150.44,110.8,212.08,237.5,338.76,0,0.428571428571429,1
"Ephemeroptera","ARF","ARF1 + Fol-degen",9,7,0.777777777777778,0.222222222222222,1,0,0,0,0,0,0,0,0,0
"Ephemeroptera","BEEPRIME","BeePrime",9,7,0.777777777777778,0.222222222222222,0,697.9,773.18,100.52,221.098,798.42,936.8,1,1,1
"Ephemeroptera","BF1_BR1","BF1 + BR1",9,7,0.777777777777778,0.222222222222222,0.285714285714286,19.62,40.404,13.6,150.195,45.15,181.932,0,0.142857142857143,0
"Ephemeroptera","BF1_BR2","BF1 + BR2",9,7,0.777777777777778,0.222222222222222,0.428571428571429,19.62,40.404,0,0,19.62,40.404,0,0,0
"Ephemeroptera","BF2_BR1","BF2 + BR1",9,7,0.777777777777778,0.222222222222222,0.571428571428571,0,0,13.6,150.195,0,170.16,0,0.142857142857143,0
"Ephemeroptera","BF2_BR2","BF2 + BR2",9,7,0.777777777777778,0.222222222222222,1,0,0,0,0,0,0,0,0,0
"Ephemeroptera","BF3_BR2","BF3 + BR2",9,7,0.777777777777778,0.222222222222222,0.857142857142857,0,79.2400000000001,0,0,0,79.2400000000001,0,0.142857142857143,0
"Ephemeroptera","BR5_ARR5","BR5",9,7,0.777777777777778,0.222222222222222,1,0,0,0,2.79,0,0,0,0,0
"Ephemeroptera","F230R","F230R",9,7,0.777777777777778,0.222222222222222,0,108.25,150.44,0,19.92,108.25,170.45,0,0,1
"Ephemeroptera","FISH_F2_R1","FishF2 + FishR1",9,7,0.777777777777778,0.222222222222222,0,261.8,273.84,122.275,177.045,385.8,452.8,0,1,0
"Ephemeroptera","FOLMER","Folmer barcode",9,7,0.777777777777778,0.222222222222222,0,108.25,150.44,152.5,194.785,260.75,326.81,0,0.285714285714286,1
"Ephemeroptera","FWH1","fwh1",9,7,0.777777777777778,0.222222222222222,0.428571428571429,0,0,7.85,18.918,7.85,18.918,0,0,0
"Ephemeroptera","FWH2","fwh2",9,7,0.777777777777778,0.222222222222222,0.142857142857143,27.67,61.618,63.66,128.29,67.62,145.64,0,0,0
"Ephemeroptera","FWH2_EPTDR2N","fwh2 + EPTDr2n",9,7,0.777777777777778,0.222222222222222,0,27.67,61.618,120,334.915,193.82,361.55,0,0.142857142857143,0.142857142857143
"Ephemeroptera","HEXCOI","HexCOI",9,7,0.777777777777778,0.222222222222222,0.428571428571429,0,0,21.45,57.26,7.85,61.98,0,0,0
"Ephemeroptera","MCO","Leray 313",9,7,0.777777777777778,0.222222222222222,0.142857142857143,59.15,172.38,0,0,59.15,172.38,0,0.285714285714286,0
"Ephemeroptera","LERAY_XT","Leray-XT",9,7,0.777777777777778,0.222222222222222,0.142857142857143,25.77,172.38,0,0,25.77,172.38,0,0.285714285714286,0
"Ephemeroptera","MOLLCOI253","MollCOI253",9,7,0.777777777777778,0.222222222222222,0,255.7,366.04,581.8,720.31,893.7,1007.35,0,0.857142857142857,1
"Ephemeroptera","NOPLANT","NoPlant",9,7,0.777777777777778,0.222222222222222,0,17.62,77.67,29.38,189.548,114.28,200.12,0,0.142857142857143,0
"Ephemeroptera","NOSPI2_LAURELIN","NoSpi2 + Laurelin",9,7,0.777777777777778,0.222222222222222,0.285714285714286,17.62,77.67,46.12,316.622,131.02,327.194,0,0.571428571428571,0
"Ephemeroptera","NOSPID","Spidprey",9,7,0.777777777777778,0.222222222222222,0.142857142857143,35.6,99.292,22.4,304.87,109,352.5,0,0.428571428571429,0
"Ephemeroptera","VERT","Vertebrate COI",9,7,0.777777777777778,0.222222222222222,0,172,189.6,26.3,201.53,198.3,399.93,0,1,0
"Ephemeroptera","ZBJ_ART","ZBJ-Art",9,7,0.777777777777778,0.222222222222222,0,6.65,196.206,107.4,278.918,253.1,393.614,0,0.714285714285714,0.428571428571429
"Ephemeroptera","ZBJ_ART_DEG","ZBJ-Art degenerate",9,7,0.777777777777778,0.222222222222222,0,0,0,13.45,30.118,13.45,30.118,0,0,0
"Hemiptera","ANML","ANML",36,8,0.222222222222222,0.777777777777778,0,150.575,264.14,85.25,235.52,278.35,516.345,0,0.5,1
"Hemiptera","ARF","ARF1 + Fol-degen",36,28,0.777777777777778,0.222222222222222,0.714285714285714,0,164.6,0,0,0,164.6,0,0,0.25
"Hemiptera","BEEPRIME","BeePrime",36,27,0.75,0.25,0,691.15,801.8,10.2,161.379,718.09,905.942,1,1,1
"Hemiptera","BF1_BR1","BF1 + BR1",36,34,0.944444444444444,0.0555555555555556,0.411764705882353,0,43.95,0,213.429,35.6,219.315,0.0294117647058824,0.117647058823529,0
"Hemiptera","BF1_BR2","BF1 + BR2",36,30,0.833333333333333,0.166666666666667,0.5,0,43.95,0,0,9.81,45.15,0,0,0
"Hemiptera","BF2_BR1","BF2 + BR1",36,32,0.888888888888889,0.111111111111111,0.5625,0,247.6,0,213.429,0,247.6,0.03125,0.09375,0.21875
"Hemiptera","BF2_BR2","BF2 + BR2",36,28,0.777777777777778,0.222222222222222,0.678571428571429,0,247.6,0,0,0,247.6,0,0,0.25
"Hemiptera","BF3_BR2","BF3 + BR2",36,28,0.777777777777778,0.222222222222222,0.607142857142857,0,86.6,0,0,0,107.09,0,0.0714285714285714,0.0357142857142857
"Hemiptera","BR5_ARR5","BR5",36,32,0.888888888888889,0.111111111111111,0.71875,0,86.6,0,0,0,86.6,0,0,0.03125
"Hemiptera","F230R","F230R",36,8,0.222222222222222,0.777777777777778,0,150.575,264.14,4.3,301.4,176.75,299.9,0.125,0.25,1
"Hemiptera","FISH_F2_R1","FishF2 + FishR1",36,8,0.222222222222222,0.777777777777778,0,321.5,483.29,138.975,169.77,421.075,598.215,0.125,1,0.125
"Hemiptera","FOLMER","Folmer barcode",36,8,0.222222222222222,0.777777777777778,0,150.575,264.14,118.025,153.195,219.025,346.945,0,0.125,1
"Hemiptera","FWH1","fwh1",36,8,0.222222222222222,0.777777777777778,0.75,0,11.571,0,46.12,0,78.994,0,0,0
"Hemiptera","FWH2","fwh2",36,34,0.944444444444444,0.0555555555555556,0.176470588235294,11.75,102.674,30.1,160.31,58.985,208.371,0,0.147058823529412,0.0588235294117647
"Hemiptera","FWH2_EPTDR2N","fwh2 + EPTDr2n",36,34,0.944444444444444,0.0555555555555556,0.0294117647058824,11.75,102.674,185.475,351.85,211.8,445.845,0,0.0588235294117647,0.5
"Hemiptera","HEXCOI","HexCOI",36,32,0.888888888888889,0.111111111111111,0.53125,0,142.4,0,117.13,0,142.4,0.03125,0.03125,0.03125
"Hemiptera","MCO","Leray 313",36,30,0.833333333333333,0.166666666666667,0.233333333333333,59.16,195.664,0,0,111.735,203.193,0,0.466666666666667,0.0333333333333333
"Hemiptera","LERAY_XT","Leray-XT",36,30,0.833333333333333,0.166666666666667,0.366666666666667,14.75,191.104,0,0,37.07,197.47,0,0.466666666666667,0.0333333333333333
"Hemiptera","MOLLCOI253","MollCOI253",36,34,0.944444444444444,0.0555555555555556,0,283.7,439.195,461.8,694.47,776.4,996.53,0,1,0.911764705882353
"Hemiptera","NOPLANT","NoPlant",36,33,0.916666666666667,0.0833333333333333,0.121212121212121,18.45,468.04,17.2,70.215,84.9,481.68,0.0303030303030303,0.454545454545455,0.0606060606060606
"Hemiptera","NOSPI2_LAURELIN","NoSpi2 + Laurelin",36,33,0.916666666666667,0.0833333333333333,0.212121212121212,18.45,453.04,15.425,58.454,84.9,468.84,0,0.515151515151515,0.0303030303030303
"Hemiptera","NOSPID","Spidprey",36,33,0.916666666666667,0.0833333333333333,0.151515151515152,20.4,138.36,22.4,38.2,54.13,177.38,0.0303030303030303,0.121212121212121,0.0303030303030303
"Hemiptera","VERT","Vertebrate COI",36,6,0.166666666666667,0.833333333333333,0,107.64,253.69,49.85,313.83,162.215,362.19,0,0.5,0.166666666666667
"Hemiptera","ZBJ_ART","ZBJ-Art",36,8,0.222222222222222,0.777777777777778,0,245.6,561.8,70.1,230.4,313.4,609.648,0,0.625,0.5
"Hemiptera","ZBJ_ART_DEG","ZBJ-Art degenerate",36,8,0.222222222222222,0.777777777777778,0.125,17.8,141.331,5.6,57.005,67.435,146.626,0,0.125,0.125
"Hymenoptera","ANML","ANML",288,0,0,1,,,,75.55,214.1,,,,,
"Hymenoptera","ARF","ARF1 + Fol-degen",288,0,0,1,,18.6,103.1,0,49.84,,,,,
"Hymenoptera","BEEPRIME","BeePrime",288,278,0.965277777777778,0.0347222222222222,0.0107913669064748,99.275,618,10.2,212.25,193.34,710.7,0.323741007194245,0.431654676258993,0.690647482014389
"Hymenoptera","BF1_BR1","BF1 + BR1",288,282,0.979166666666667,0.0208333333333333,0.478723404255319,0,64.98,0,117.13,17.62,160.362,0.00354609929078014,0.0531914893617021,0.0283687943262411
"Hymenoptera","BF1_BR2","BF1 + BR2",288,1,0.00347222222222222,0.996527777777778,0,0,64.98,0,49.84,75.25,75.25,0,0,0
"Hymenoptera","BF2_BR1","BF2 + BR1",288,278,0.965277777777778,0.0347222222222222,0.352517985611511,18.32,167.2,0,117.13,26.3,174.796,0.00359712230215827,0.0503597122302158,0.10431654676259
"Hymenoptera","BF2_BR2","BF2 + BR2",288,0,0,1,,18.32,167.2,0,49.84,,,,,
"Hymenoptera","BF3_BR2","BF3 + BR2",288,0,0,1,,0,86.6,0,49.84,,,,,
"Hymenoptera","BR5_ARR5","BR5",288,280,0.972222222222222,0.0277777777777778,0.625,0,86.6,0,0,0,86.6,0.0107142857142857,0.0107142857142857,0.0178571428571429
"Hymenoptera","F230R","F230R",288,0,0,1,,,,8.6,242.4,,,,,
"Hymenoptera","FISH_F2_R1","FishF2 + FishR1",288,0,0,1,,,,117.525,152.17,,,,,
"Hymenoptera","FOLMER","Folmer barcode",288,0,0,1,,,,142.075,153.78,,,,,
"Hymenoptera","FWH1","fwh1",288,0,0,1,,,,0,67,,,,,
"Hymenoptera","FWH2","fwh2",288,282,0.979166666666667,0.0208333333333333,0.315602836879433,11.75,86.6,0,116.543,21.65,161.895,0,0.106382978723404,0.0283687943262411
"Hymenoptera","FWH2_EPTDR2N","fwh2 + EPTDr2n",288,274,0.951388888888889,0.0486111111111111,0.00364963503649635,11.75,86.6,781.3,1336.8,796.3,1397.404,0.00364963503649635,0.062043795620438,0.923357664233577
"Hymenoptera","HEXCOI","HexCOI",288,279,0.96875,0.03125,0.594982078853047,0,142.4,0,0,0,142.4,0.003584229390681,0.003584229390681,0.025089605734767
"Hymenoptera","MCO","Leray 313",288,1,0.00347222222222222,0.996527777777778,0,21.65,191.45,0,49.84,46.12,46.12,0,0,0
"Hymenoptera","LERAY_XT","Leray-XT",288,1,0.00347222222222222,0.996527777777778,0,5.38,169.8,0,49.84,46.12,46.12,0,0,0
"Hymenoptera","MOLLCOI253","MollCOI253",288,282,0.979166666666667,0.0208333333333333,0,292.5,430.93,451.675,695.52,757.55,1041.33,0.00354609929078014,0.99290780141844,0.886524822695035
"Hymenoptera","NOPLANT","NoPlant",288,282,0.979166666666667,0.0208333333333333,0.177304964539007,10.2,137.227,11.77,75.3,35.86,167.078,0,0.099290780141844,0.049645390070922
"Hymenoptera","NOSPI2_LAURELIN","NoSpi2 + Laurelin",288,282,0.979166666666667,0.0208333333333333,0.297872340425532,0,128.2,15.8,125.5,31.6,253.705,0.00709219858156028,0.170212765957447,0.0460992907801418
"Hymenoptera","NOSPID","Spidprey",288,282,0.979166666666667,0.0208333333333333,0.202127659574468,15.7,102.3,15.8,125.5,42.8,212.235,0.049645390070922,0.109929078014184,0.0141843971631206
"Hymenoptera","VERT","Vertebrate COI",288,0,0,1,,,,49.85,192.25,,,,,
"Hymenoptera","ZBJ_ART","ZBJ-Art",288,6,0.0208333333333333,0.979166666666667,0,200.35,733.525,84.4,244.7,386.1,965.21,0.333333333333333,0.666666666666667,0.833333333333333
"Hymenoptera","ZBJ_ART_DEG","ZBJ-Art degenerate",288,6,0.0208333333333333,0.979166666666667,0,53.8,498.75,6.45,77.75,76.425,585.185,0.333333333333333,0.333333333333333,0.833333333333333
"Isopoda","ANML","ANML",17,12,0.705882352941177,0.294117647058824,0,145.525,262.39,188.4,288.47,352.975,439.805,0,0.916666666666667,0.916666666666667
"Isopoda","ARF","ARF1 + Fol-degen",17,17,1,0,0.352941176470588,11.77,128.302,0,0,11.77,201.4,0,0,0.294117647058824
"Isopoda","BEEPRIME","BeePrime",17,17,1,0,0,720.2,986.71,274.65,621.028,992.2,1274.774,0.823529411764706,1,1
"Isopoda","BF1_BR1","BF1 + BR1",17,17,1,0,0.176470588235294,19.62,244.092,142.4,512.252,142.4,666.19,0,0.294117647058824,0.235294117647059
"Isopoda","BF1_BR2","BF1 + BR2",17,17,1,0,0.294117647058824,19.62,244.092,0,9.42000000000001,19.62,244.092,0,0,0.117647058823529
"Isopoda","BF2_BR1","BF2 + BR1",17,17,1,0,0.352941176470588,18.32,267.42,142.4,512.252,210.4,763.22,0,0.352941176470588,0.294117647058824
"Isopoda","BF2_BR2","BF2 + BR2",17,17,1,0,0.411764705882353,18.32,267.42,0,9.42000000000001,18.32,332.658,0,0.117647058823529,0.294117647058824
"Isopoda","BF3_BR2","BF3 + BR2",17,17,1,0,0.470588235294118,0,225.9,0,9.42000000000001,9.16,225.9,0,0.235294117647059,0.0588235294117647
"Isopoda","BR5_ARR5","BR5",17,17,1,0,0.705882352941177,0,54.4,0,35.6,0,90,0,0,0
"Isopoda","F230R","F230R",17,12,0.705882352941177,0.294117647058824,0,145.525,262.39,0,158.08,145.525,262.39,0,0.416666666666667,0.833333333333333
"Isopoda","FISH_F2_R1","FishF2 + FishR1",17,12,0.705882352941177,0.294117647058824,0,236.35,366.85,170.15,242.58,343.525,477.67,0,1,0
"Isopoda","FOLMER","Folmer barcode",17,12,0.705882352941177,0.294117647058824,0,145.525,262.39,164.3,217.06,296.575,435.375,0,0.666666666666667,0.833333333333333
"Isopoda","FWH1","fwh1",17,12,0.705882352941177,0.294117647058824,0.0833333333333333,6.535,19.62,25.5,201.24,27.57,224.785,0,0.25,0
"Isopoda","FWH2","fwh2",17,17,1,0,0,68.67,291.614,125.5,270.79,222.32,433.282,0,0.176470588235294,0.235294117647059
"Isopoda","FWH2_EPTDR2N","fwh2 + EPTDr2n",17,15,0.88235294117647,0.117647058823529,0,68.67,291.614,833.55,1622.5,892.37,1752.598,0,0.266666666666667,0.866666666666667
"Isopoda","HEXCOI","HexCOI",17,17,1,0,0.352941176470588,0,177.1,0,468.54,27.42,677.61,0,0.117647058823529,0.176470588235294
"Isopoda","MCO","Leray 313",17,17,1,0,0.117647058823529,105.22,336.464,0,0,105.22,336.464,0,0.176470588235294,0.117647058823529
"Isopoda","LERAY_XT","Leray-XT",17,17,1,0,0.235294117647059,26.62,191.04,0,0,26.62,206.57,0,0.176470588235294,0.117647058823529
"Isopoda","MOLLCOI253","MollCOI253",17,17,1,0,0,195.25,270.15,553.45,836.76,749.95,1086.47,0,0.941176470588235,0.941176470588235
"Isopoda","NOPLANT","NoPlant",17,17,1,0,0,18.32,630.85,105.47,289.798,204.52,809.506,0,0.294117647058824,0.176470588235294
"Isopoda","NOSPI2_LAURELIN","NoSpi2 + Laurelin",17,17,1,0,0,18.32,618.234,173.22,477.752,295.19,918.56,0.117647058823529,0.647058823529412,0.117647058823529
"Isopoda","NOSPID","Spidprey",17,17,1,0,0,86.6,615.08,147.9,391.41,423.68,817.48,0.352941176470588,0.705882352941177,0.0588235294117647
"Isopoda","VERT","Vertebrate COI",17,12,0.705882352941177,0.294117647058824,0,50.2,119.712,49.85,337.21,108.09,421.963,0,0.333333333333333,0.0833333333333333
"Isopoda","ZBJ_ART","ZBJ-Art",17,12,0.705882352941177,0.294117647058824,0,84.56,235.755,180.92,296.758,296.985,422.315,0,0.5,0.5
"Isopoda","ZBJ_ART_DEG","ZBJ-Art degenerate",17,12,0.705882352941177,0.294117647058824,0.0833333333333333,15.81,216.058,38.87,209.87,138.42,268.912,0,0.25,0.0833333333333333
"Lepidoptera","ANML","ANML",295,1,0.00338983050847458,0.996610169491525,0,42.4,42.4,25.9,110.4,67.8,67.8,0,0,1
"Lepidoptera","ARF","ARF1 + Fol-degen",295,3,0.0101694915254237,0.989830508474576,0.333333333333333,0,0,31.9,63.8,63.8,79.496,0,0,0.666666666666667
"Lepidoptera","BEEPRIME","BeePrime",295,289,0.979661016949153,0.0203389830508475,0,112.7,155.43,5.6,45.4959999999999,118.3,196.63,0.0103806228373702,0.0519031141868512,0.996539792387543
"Lepidoptera","BF1_BR1","BF1 + BR1",295,289,0.979661016949153,0.0203389830508475,0.816608996539792,0,17.62,0,0,0,45.15,0,0.0761245674740484,0
"Lepidoptera","BF1_BR2","BF1 + BR2",295,5,0.0169491525423729,0.983050847457627,0.2,0,17.62,64.9,152.6,84.52,157.94,0,0,0.8
"Lepidoptera","BF2_BR1","BF2 + BR1",295,289,0.979661016949153,0.0203389830508475,0.910034602076125,0,0,0,0,0,0,0,0.0761245674740484,0.00346020761245675
"Lepidoptera","BF2_BR2","BF2 + BR2",295,5,0.0169491525423729,0.983050847457627,0.2,0,0,64.9,152.6,64.9,157.94,0,0,0.8
"Lepidoptera","BF3_BR2","BF3 + BR2",295,5,0.0169491525423729,0.983050847457627,0.2,0,0,64.9,152.6,64.9,157.94,0,0,0.8
"Lepidoptera","BR5_ARR5","BR5",295,289,0.979661016949153,0.0203389830508475,0.996539792387543,0,0,0,0,0,0,0,0,0
"Lepidoptera","F230R","F230R",295,1,0.00338983050847458,0.996610169491525,0,42.4,42.4,0,0,42.4,42.4,0,0,1
"Lepidoptera","FISH_F2_R1","FishF2 + FishR1",295,0,0,1,,235.5,235.5,171.45,202.85,,,,,
"Lepidoptera","FOLMER","Folmer barcode",295,0,0,1,,42.4,42.4,126.225,135.5,,,,,
"Lepidoptera","FWH1","fwh1",295,1,0.00338983050847458,0.996610169491525,1,0,0,0,0,0,0,0,0,0
"Lepidoptera","FWH2","fwh2",295,289,0.979661016949153,0.0203389830508475,0.532871972318339,0,45.15,0,75.3,0,127.35,0,0.0795847750865052,0
"Lepidoptera","FWH2_EPTDR2N","fwh2 + EPTDr2n",295,288,0.976271186440678,0.023728813559322,0.00347222222222222,0,45.15,66.7,113.86,82.15,152.1,0,0.0208333333333333,0.0625
"Lepidoptera","HEXCOI","HexCOI",295,289,0.979661016949153,0.0203389830508475,0.958477508650519,0,0,0,0,0,0,0,0,0
"Lepidoptera","MCO","Leray 313",295,3,0.0101694915254237,0.989830508474576,0.333333333333333,0,169.8,31.9,63.8,77.8,102.72,0,0,0.666666666666667
"Lepidoptera","LERAY_XT","Leray-XT",295,3,0.0101694915254237,0.989830508474576,0.333333333333333,0,169.8,31.9,63.8,63.8,75,0,0,0.666666666666667
"Lepidoptera","MOLLCOI253","MollCOI253",295,289,0.979661016949153,0.0203389830508475,0,255.7,367.75,418.4,630.74,698.9,949.74,0,1,0.903114186851211
"Lepidoptera","NOPLANT","NoPlant",295,289,0.979661016949153,0.0203389830508475,0.615916955017301,0,0,0,29.38,0,50.0799999999999,0,0.0103806228373702,0
"Lepidoptera","NOSPI2_LAURELIN","NoSpi2 + Laurelin",295,289,0.979661016949153,0.0203389830508475,0.716262975778547,0,0,0,46.12,0,57.05,0,0.0484429065743945,0
"Lepidoptera","NOSPID","Spidprey",295,289,0.979661016949153,0.0203389830508475,0.667820069204152,0,86.6,0,22.4,0,86.6,0.00346020761245675,0.041522491349481,0
"Lepidoptera","VERT","Vertebrate COI",295,1,0.00338983050847458,0.996610169491525,0,131.1,131.1,49.85,49.85,157.4,157.4,0,0,0
"Lepidoptera","ZBJ_ART","ZBJ-Art",295,5,0.0169491525423729,0.983050847457627,0,9.22,51.99,6.45,119.23,55.3,68.574,0,0,0
"Lepidoptera","ZBJ_ART_DEG","ZBJ-Art degenerate",295,5,0.0169491525423729,0.983050847457627,0.6,0,0,0,11.2,0,10.884,0,0,0
"Megaloptera","ANML","ANML",3,1,0.333333333333333,0.666666666666667,0,157.45,157.45,129.25,209.85,387.45,387.45,0,1,1
"Megaloptera","ARF","ARF1 + Fol-degen",3,1,0.333333333333333,0.666666666666667,1,0,0,0,0,0,0,0,0,0
"Megaloptera","BEEPRIME","BeePrime",3,3,1,0,0,666.5,666.5,235.47,235.47,901.97,901.97,1,1,1
"Megaloptera","BF1_BR1","BF1 + BR1",3,3,1,0,0,75.25,75.25,0,0,75.25,75.25,0,0,0
"Megaloptera","BF1_BR2","BF1 + BR2",3,1,0.333333333333333,0.666666666666667,0,75.25,75.25,0,0,75.25,75.25,0,0,0
"Megaloptera","BF2_BR1","BF2 + BR1",3,3,1,0,1,0,0,0,0,0,0,0,0,0
"Megaloptera","BF2_BR2","BF2 + BR2",3,1,0.333333333333333,0.666666666666667,1,0,0,0,0,0,0,0,0,0
"Megaloptera","BF3_BR2","BF3 + BR2",3,1,0.333333333333333,0.666666666666667,1,0,0,0,0,0,0,0,0,0
"Megaloptera","BR5_ARR5","BR5",3,3,1,0,1,0,0,0,0,0,0,0,0,0
"Megaloptera","F230R","F230R",3,1,0.333333333333333,0.666666666666667,0,157.45,157.45,0,0,157.45,157.45,0,0,1
"Megaloptera","FISH_F2_R1","FishF2 + FishR1",3,1,0.333333333333333,0.666666666666667,0,290.25,290.25,100.4,100.4,390.65,390.65,0,1,0
"Megaloptera","FOLMER","Folmer barcode",3,1,0.333333333333333,0.666666666666667,0,157.45,157.45,19.6,19.6,177.05,177.05,0,0,1
"Megaloptera","FWH1","fwh1",3,1,0.333333333333333,0.666666666666667,1,0,0,0,0,0,0,0,0,0
"Megaloptera","FWH2","fwh2",3,3,1,0,0,46.12,46.12,0,48.16,46.12,94.28,0,0,0
"Megaloptera","FWH2_EPTDR2N","fwh2 + EPTDr2n",3,3,1,0,0,46.12,46.12,0,17.92,46.12,64.04,0,0,0
"Megaloptera","HEXCOI","HexCOI",3,3,1,0,1,0,0,0,0,0,0,0,0,0
"Megaloptera","MCO","Leray 313",3,1,0.333333333333333,0.666666666666667,0,222.37,222.37,0,0,215.92,215.92,0,1,0
"Megaloptera","LERAY_XT","Leray-XT",3,1,0.333333333333333,0.666666666666667,0,222.37,222.37,0,0,215.92,215.92,0,1,0
"Megaloptera","MOLLCOI253","MollCOI253",3,3,1,0,0,277.95,427.67,665.8,828.04,943.75,1105.99,0,1,1
"Megaloptera","NOPLANT","NoPlant",3,3,1,0,0,0,0,34.82,34.82,34.82,34.82,0,0,0
"Megaloptera","NOSPI2_LAURELIN","NoSpi2 + Laurelin",3,3,1,0,0,0,0,27.67,27.67,27.67,27.67,0,0,0
"Megaloptera","NOSPID","Spidprey",3,3,1,0,0,86.6,86.6,22.4,22.4,109,109,0,0,0
"Megaloptera","VERT","Vertebrate COI",3,1,0.333333333333333,0.666666666666667,0,96.38,96.38,49.85,49.85,146.23,146.23,0,0,0
"Megaloptera","ZBJ_ART","ZBJ-Art",3,1,0.333333333333333,0.666666666666667,0,349.7,349.7,199.7,239.86,450.1,450.1,0,1,0
"Megaloptera","ZBJ_ART_DEG","ZBJ-Art degenerate",3,1,0.333333333333333,0.666666666666667,1,0,0,11.2,11.2,0,0,0,0,0
"Neuroptera","ANML","ANML",11,1,0.0909090909090909,0.909090909090909,0,109.55,109.55,46.37,190.834,336.5,336.5,0,1,1
"Neuroptera","ARF","ARF1 + Fol-degen",11,2,0.181818181818182,0.818181818181818,0.5,0,333.896,0,0,208.685,375.633,0,0.5,0
"Neuroptera","BEEPRIME","BeePrime",11,3,0.272727272727273,0.727272727272727,0,635.9,654.1,5.6,233.1,641.5,841.7,1,1,1
"Neuroptera","BF1_BR1","BF1 + BR1",11,11,1,0,0.909090909090909,0,0,0,0,0,0,0,0,0
"Neuroptera","BF1_BR2","BF1 + BR2",11,10,0.909090909090909,0.0909090909090909,0.9,0,0,0,0,0,3.89699999999999,0,0,0
"Neuroptera","BF2_BR1","BF2 + BR1",11,3,0.272727272727273,0.727272727272727,0.666666666666667,0,21.936,0,0,0,21.936,0,0,0
"Neuroptera","BF2_BR2","BF2 + BR2",11,2,0.181818181818182,0.818181818181818,0.5,0,21.936,0,0,13.71,24.678,0,0,0
"Neuroptera","BF3_BR2","BF3 + BR2",11,2,0.181818181818182,0.818181818181818,0.5,0,339.136,0,0,211.96,381.528,0,0.5,0
"Neuroptera","BR5_ARR5","BR5",11,3,0.272727272727273,0.727272727272727,0.666666666666667,0,324.48,0,0,0,324.48,0,0.333333333333333,0
"Neuroptera","F230R","F230R",11,1,0.0909090909090909,0.909090909090909,0,109.55,109.55,0,81.6,109.55,109.55,0,0,1
"Neuroptera","FISH_F2_R1","FishF2 + FishR1",11,1,0.0909090909090909,0.909090909090909,0,947.425,1029.445,100.4,157.04,1150.35,1150.35,1,1,1
"Neuroptera","FOLMER","Folmer barcode",11,1,0.0909090909090909,0.909090909090909,0,109.55,109.55,48.65,94.29,121.3,121.3,0,0,1
"Neuroptera","FWH1","fwh1",11,2,0.181818181818182,0.818181818181818,0.5,9.81,17.658,0,36.896,9.81,17.658,0,0,0
"Neuroptera","FWH2","fwh2",11,11,1,0,0.636363636363636,0,45.15,0,0,0,127.35,0,0.181818181818182,0
"Neuroptera","FWH2_EPTDR2N","fwh2 + EPTDr2n",11,11,1,0,0,0,45.15,100.4,177.8,100.4,204,0,0.0909090909090909,0.272727272727273
"Neuroptera","HEXCOI","HexCOI",11,3,0.272727272727273,0.727272727272727,0.666666666666667,0,21.936,0,0,0,21.936,0,0,0
"Neuroptera","MCO","Leray 313",11,10,0.909090909090909,0.0909090909090909,0.5,6.45,176.25,0,0,3.225,170.445,0,0.2,0
"Neuroptera","LERAY_XT","Leray-XT",11,10,0.909090909090909,0.0909090909090909,0.5,6.45,176.25,0,0,3.225,170.445,0,0.2,0
"Neuroptera","MOLLCOI253","MollCOI253",11,11,1,0,0,333.3,433.7,352.6,479.6,623.1,888.7,0,1,1
"Neuroptera","NOPLANT","NoPlant",11,3,0.272727272727273,0.727272727272727,0.333333333333333,0,28.48,0,35.65,35.65,217.61,0,0,0
"Neuroptera","NOSPI2_LAURELIN","NoSpi2 + Laurelin",11,4,0.363636363636364,0.636363636363636,0.5,0,24.92,0,30.1,15.05,300.825,0,0.25,0
"Neuroptera","NOSPID","Spidprey",11,3,0.272727272727273,0.727272727272727,0.333333333333333,0,50.56,0,52.5,52.5,366.06,0,0.333333333333333,0
"Neuroptera","VERT","Vertebrate COI",11,1,0.0909090909090909,0.909090909090909,0,50.2,50.2,26.3,49.85,76.5,76.5,0,0,0
"Neuroptera","ZBJ_ART","ZBJ-Art",11,2,0.181818181818182,0.818181818181818,0,23.2,25.68,135.6,199.856,104.95,150.51,0,0,1
"Neuroptera","ZBJ_ART_DEG","ZBJ-Art degenerate",11,2,0.181818181818182,0.818181818181818,0,23.2,25.68,2.8,37.456,24.6,25.96,0,0,1
"Odonata","ANML","ANML",25,18,0.72,0.28,0,144.475,204.73,77.375,194.955,228.975,380.87,0,0.444444444444444,1
"Odonata","ARF","ARF1 + Fol-degen",25,21,0.84,0.16,0.952380952380952,0,0,0,0,0,0,0,0,0
"Odonata","BEEPRIME","BeePrime",25,22,0.88,0.12,0,668.875,709.125,0,193.8,672.45,817.955,1,1,1
"Odonata","BF1_BR1","BF1 + BR1",25,22,0.88,0.12,0.772727272727273,0,28.204,0,0,0,29.389,0,0,0
"Odonata","BF1_BR2","BF1 + BR2",25,21,0.84,0.16,0.857142857142857,0,28.204,0,0,0,17.62,0,0,0
"Odonata","BF2_BR1","BF2 + BR1",25,22,0.88,0.12,0.727272727272727,0,18.32,0,0,0,18.32,0,0,0
"Odonata","BF2_BR2","BF2 + BR2",25,21,0.84,0.16,0.761904761904762,0,18.32,0,0,0,18.32,0,0,0
"Odonata","BF3_BR2","BF3 + BR2",25,21,0.84,0.16,0.904761904761905,0,0,0,0,0,0,0,0,0
"Odonata","BR5_ARR5","BR5",25,22,0.88,0.12,1,0,0,0,0,0,0,0,0,0
"Odonata","F230R","F230R",25,18,0.72,0.28,0,144.475,204.73,55.1,55.1,191.125,246.39,0,0,1
"Odonata","FISH_F2_R1","FishF2 + FishR1",25,18,0.72,0.28,0,255.65,411.61,100.4,168.65,363.1,499.915,0,1,0.0555555555555556
"Odonata","FOLMER","Folmer barcode",25,18,0.72,0.28,0,144.475,204.73,102.75,167.15,276.7,327.125,0,0.111111111111111,1
"Odonata","FWH1","fwh1",25,18,0.72,0.28,0.555555555555556,0,16.601,0,25.688,0,40.835,0,0,0
"Odonata","FWH2","fwh2",25,22,0.88,0.12,0.363636363636364,0,26.92,5.885,134.685,45.15,137.093,0,0.136363636363636,0
"Odonata","FWH2_EPTDR2N","fwh2 + EPTDr2n",25,22,0.88,0.12,0,0,26.92,82.15,151.315,90,242.837,0,0.0454545454545455,0.0909090909090909
"Odonata","HEXCOI","HexCOI",25,22,0.88,0.12,0.727272727272727,0,18.32,0,7.06500000000002,0,25.709,0,0,0
"Odonata","MCO","Leray 313",25,21,0.84,0.16,0.619047619047619,0,169.8,0,0,0,169.8,0,0.238095238095238,0
"Odonata","LERAY_XT","Leray-XT",25,21,0.84,0.16,0.619047619047619,0,169.8,0,0,0,169.8,0,0.238095238095238,0
"Odonata","MOLLCOI253","MollCOI253",25,22,0.88,0.12,0,241.3,269.94,482.05,755.1,706.6,1001.88,0,1,0.909090909090909
"Odonata","NOPLANT","NoPlant",25,22,0.88,0.12,0,128.2,165.737,0,54.1660000000001,128.2,219.895,0,0.136363636363636,0.0909090909090909
"Odonata","NOSPI2_LAURELIN","NoSpi2 + Laurelin",25,22,0.88,0.12,0,128.2,164.734,0,88.2400000000001,128.2,230.782,0,0.181818181818182,0.0909090909090909
"Odonata","NOSPID","Spidprey",25,22,0.88,0.12,0.181818181818182,142.4,161.885,0,70.0100000000001,142.4,229,0,0.0454545454545455,0
"Odonata","VERT","Vertebrate COI",25,18,0.72,0.28,0,194.58,237.015,271.65,292.65,413.855,594.165,0,0.777777777777778,0.111111111111111
"Odonata","ZBJ_ART","ZBJ-Art",25,21,0.84,0.16,0,236.37,613.22,139.4,209.75,390.17,620.17,0,0.714285714285714,0.285714285714286
"Odonata","ZBJ_ART_DEG","ZBJ-Art degenerate",25,21,0.84,0.16,0,60.2,90.25,7.85,27.098,68.6,177.33,0,0,0
"Orthoptera","ANML","ANML",24,16,0.666666666666667,0.333333333333333,0,134.65,175.575,70.4,109.78,204.5,259.95,0,0.0625,1
"Orthoptera","ARF","ARF1 + Fol-degen",24,23,0.958333333333333,0.0416666666666667,1,0,0,0,0,0,0,0,0,0
"Orthoptera","BEEPRIME","BeePrime",24,22,0.916666666666667,0.0833333333333333,0,668.875,722.548,5.6,153.516,703.975,803.32,0.954545454545455,0.954545454545455,1
"Orthoptera","BF1_BR1","BF1 + BR1",24,24,1,0,0.833333333333333,0,12.334,0,0,0,19.02,0,0,0
"Orthoptera","BF1_BR2","BF1 + BR2",24,24,1,0,0.833333333333333,0,12.334,0,0,0,15.865,0,0,0
"Orthoptera","BF2_BR1","BF2 + BR1",24,23,0.958333333333333,0.0416666666666667,0.956521739130435,0,0,0,0,0,0,0,0,0
"Orthoptera","BF2_BR2","BF2 + BR2",24,23,0.958333333333333,0.0416666666666667,0.956521739130435,0,0,0,0,0,0,0,0,0
"Orthoptera","BF3_BR2","BF3 + BR2",24,23,0.958333333333333,0.0416666666666667,0.91304347826087,0,0,0,0,0,0,0,0.0434782608695652,0
"Orthoptera","BR5_ARR5","BR5",24,23,0.958333333333333,0.0416666666666667,1,0,0,0,0,0,0,0,0,0
"Orthoptera","F230R","F230R",24,16,0.666666666666667,0.333333333333333,0,134.65,175.575,0,11.75,139.75,175.575,0,0.0625,1
"Orthoptera","FISH_F2_R1","FishF2 + FishR1",24,16,0.666666666666667,0.333333333333333,0,198.4,262.875,88.425,151.04,257.335,376.2,0,0.8125,0
"Orthoptera","FOLMER","Folmer barcode",24,16,0.666666666666667,0.333333333333333,0,134.65,175.575,102,167.44,261.075,307.9,0,0.0625,1
"Orthoptera","FWH1","fwh1",24,16,0.666666666666667,0.333333333333333,0.8125,0,13.07,0,0,0,13.07,0,0,0
"Orthoptera","FWH2","fwh2",24,24,1,0,0.541666666666667,0,13.67,0,79.394,0,125.046,0,0.0833333333333333,0
"Orthoptera","FWH2_EPTDR2N","fwh2 + EPTDr2n",24,24,1,0,0,0,13.67,95.35,211.27,95.35,216.445,0,0,0.125
"Orthoptera","HEXCOI","HexCOI",24,23,0.958333333333333,0.0416666666666667,0.956521739130435,0,0,0,0,0,0,0,0,0
"Orthoptera","MCO","Leray 313",24,24,1,0,0.625,0,64.201,0,0,0,64.201,0,0.0833333333333333,0
"Orthoptera","LERAY_XT","Leray-XT",24,24,1,0,0.666666666666667,0,31.094,0,0,0,31.094,0,0.0833333333333333,0
"Orthoptera","MOLLCOI253","MollCOI253",24,24,1,0,0,329.5,380.45,564.4,735.98,906.225,1059.725,0,1,0.958333333333333
"Orthoptera","NOPLANT","NoPlant",24,23,0.958333333333333,0.0416666666666667,0.478260869565217,0,18.45,0,25.726,11.77,66.076,0,0,0
"Orthoptera","NOSPI2_LAURELIN","NoSpi2 + Laurelin",24,23,0.958333333333333,0.0416666666666667,0.565217391304348,0,18.45,0,37.57,0,109.624,0,0.0434782608695652,0
"Orthoptera","NOSPID","Spidprey",24,23,0.958333333333333,0.0416666666666667,0.565217391304348,0,35.6,0,22.4,0,124.84,0.0434782608695652,0.0869565217391304,0
"Orthoptera","VERT","Vertebrate COI",24,16,0.666666666666667,0.333333333333333,0,172,216.79,26.3,49.85,203.765,266.64,0,0.875,0.125
"Orthoptera","ZBJ_ART","ZBJ-Art",24,16,0.666666666666667,0.333333333333333,0,258.875,358.725,137.5,207.46,378.135,560.175,0,0.8125,0.1875
"Orthoptera","ZBJ_ART_DEG","ZBJ-Art degenerate",24,16,0.666666666666667,0.333333333333333,0.1875,0,38.685,10.75,11.2,11.2,48.075,0,0,0
"Plecoptera","ANML","ANML",9,6,0.666666666666667,0.333333333333333,0,158.45,169.65,80.3,244.07,231.225,342.025,0,0.166666666666667,1
"Plecoptera","ARF","ARF1 + Fol-degen",9,9,1,0,0.777777777777778,0,19.62,0,0,0,19.62,0,0,0
"Plecoptera","BEEPRIME","BeePrime",9,8,0.888888888888889,0.111111111111111,0,689.6,756.775,226.7,419.692,930.735,993.491,1,1,1
"Plecoptera","BF1_BR1","BF1 + BR1",9,9,1,0,0.222222222222222,19.62,76.544,0,23.4259999999999,29.38,92.726,0,0,0
"Plecoptera","BF1_BR2","BF1 + BR2",9,9,1,0,0.222222222222222,19.62,76.544,0,0,19.62,76.544,0,0,0
"Plecoptera","BF2_BR1","BF2 + BR1",9,9,1,0,0.777777777777778,0,23.4259999999999,0,23.4259999999999,0,117.13,0,0,0
"Plecoptera","BF2_BR2","BF2 + BR2",9,9,1,0,0.888888888888889,0,23.4259999999999,0,0,0,23.4259999999999,0,0,0
"Plecoptera","BF3_BR2","BF3 + BR2",9,9,1,0,0.888888888888889,0,14.046,0,0,0,14.046,0,0,0
"Plecoptera","BR5_ARR5","BR5",9,9,1,0,1,0,0,0,0,0,0,0,0,0
"Plecoptera","F230R","F230R",9,6,0.666666666666667,0.333333333333333,0,158.45,169.65,0,11.75,158.45,175.525,0,0,1
"Plecoptera","FISH_F2_R1","FishF2 + FishR1",9,6,0.666666666666667,0.333333333333333,0,291.9,298.35,83.1,126.35,364.925,399.975,0,1,0
"Plecoptera","FOLMER","Folmer barcode",9,6,0.666666666666667,0.333333333333333,0,158.45,169.65,106.6,140.8,218.475,293.7,0,0,1
"Plecoptera","FWH1","fwh1",9,6,0.666666666666667,0.333333333333333,0.666666666666667,0,0,0,46.12,0,36.895,0,0,0
"Plecoptera","FWH2","fwh2",9,9,1,0,0,54.67,83.574,105.4,169.43,153.14,237.306,0,0.222222222222222,0
"Plecoptera","FWH2_EPTDR2N","fwh2 + EPTDr2n",9,9,1,0,0,54.67,83.574,85.9,118.98,117.75,192.274,0,0,0
"Plecoptera","HEXCOI","HexCOI",9,9,1,0,0.666666666666667,0,23.4259999999999,0,29.7059999999999,0,117.13,0,0,0
"Plecoptera","MCO","Leray 313",9,9,1,0,0,65.6,202.73,0,0,65.6,202.73,0,0.222222222222222,0.111111111111111
"Plecoptera","LERAY_XT","Leray-XT",9,9,1,0,0,24.75,202.73,0,0,24.75,202.73,0,0.222222222222222,0.111111111111111
"Plecoptera","MOLLCOI253","MollCOI253",9,9,1,0,0,262.8,427.08,782.65,944.98,985.35,1181.5,0,1,1
"Plecoptera","NOPLANT","NoPlant",9,9,1,0,0,0,18.45,93.75,199.416,104.95,199.416,0,0,0
"Plecoptera","NOSPI2_LAURELIN","NoSpi2 + Laurelin",9,9,1,0,0,0,18.45,156.73,330.194,156.73,330.194,0.111111111111111,0.555555555555556,0
"Plecoptera","NOSPID","Spidprey",9,9,1,0,0.111111111111111,0,105.296,127.35,325.45,193.05,325.45,0.111111111111111,0.555555555555556,0
"Plecoptera","VERT","Vertebrate COI",9,6,0.666666666666667,0.333333333333333,0,172,201.74,18.45,26.3,194.375,224.115,0,1,0
"Plecoptera","ZBJ_ART","ZBJ-Art",9,7,0.777777777777778,0.222222222222222,0,121.65,177.762,82.67,231.52,254.14,346.32,0,1,0
"Plecoptera","ZBJ_ART_DEG","ZBJ-Art degenerate",9,7,0.777777777777778,0.222222222222222,0.285714285714286,0,7.04800000000001,6.45,47.41,11.2,55.748,0,0,0
"Psocodea","ANML","ANML",15,13,0.866666666666667,0.133333333333333,0,90.45,215.92,422.35,618.9,568.3,722.82,0,0.846153846153846,1
"Psocodea","ARF","ARF1 + Fol-degen",15,15,1,0,0.333333333333333,18.6,78.408,0,0,18.6,78.408,0,0,0.0666666666666667
"Psocodea","BEEPRIME","BeePrime",15,11,0.733333333333333,0.266666666666667,0,1104.1,1350,99.3,280.872,1177.85,1484.42,1,1,1
"Psocodea","BF1_BR1","BF1 + BR1",15,15,1,0,0.0666666666666667,29.38,43.688,0,121.56,29.38,167.082,0,0,0.0666666666666667
"Psocodea","BF1_BR2","BF1 + BR2",15,15,1,0,0.266666666666667,29.38,43.688,0,0,29.38,48.4,0,0,0
"Psocodea","BF2_BR1","BF2 + BR1",15,15,1,0,0.333333333333333,24.8,157.092,0,121.56,24.8,292.724,0,0,0.133333333333333
"Psocodea","BF2_BR2","BF2 + BR2",15,15,1,0,0.333333333333333,24.8,157.092,0,0,24.8,157.092,0,0,0.0666666666666667
"Psocodea","BF3_BR2","BF3 + BR2",15,15,1,0,0.666666666666667,0,80.052,0,0,0,80.052,0,0,0
"Psocodea","BR5_ARR5","BR5",15,15,1,0,0.733333333333333,0,51.96,0,21.36,0,66.2,0,0,0
"Psocodea","F230R","F230R",15,13,0.866666666666667,0.133333333333333,0,90.45,215.92,16.05,162.16,109.25,402.37,0.153846153846154,0.230769230769231,0.769230769230769
"Psocodea","FISH_F2_R1","FishF2 + FishR1",15,13,0.866666666666667,0.133333333333333,0,572.9,2283,141.2,188.02,735.4,2443.23,0.692307692307692,1,0.769230769230769
"Psocodea","FOLMER","Folmer barcode",15,13,0.866666666666667,0.133333333333333,0,90.45,215.92,108.35,198.12,211,310.6,0,0.230769230769231,0.769230769230769
"Psocodea","FWH1","fwh1",15,13,0.866666666666667,0.133333333333333,0,8.6,29.334,94.45,289.41,147,290.98,0,0.307692307692308,0.0769230769230769
"Psocodea","FWH2","fwh2",15,15,1,0,0,45.15,107.85,19.62,190.33,108.67,261.99,0,0.2,0.0666666666666667
"Psocodea","FWH2_EPTDR2N","fwh2 + EPTDr2n",15,14,0.933333333333333,0.0666666666666667,0,45.15,107.85,897.2,2109.72,956.195,2139.696,0.142857142857143,0.571428571428571,1
"Psocodea","HEXCOI","HexCOI",15,15,1,0,0.2,0,139.62,7.85,126.27,7.85,235.708,0,0,0.0666666666666667
"Psocodea","MCO","Leray 313",15,15,1,0,0,51.6,107.85,0,0,51.6,107.85,0,0.0666666666666667,0
"Psocodea","LERAY_XT","Leray-XT",15,15,1,0,0.133333333333333,19.62,28.98,0,0,19.62,28.98,0,0.0666666666666667,0
"Psocodea","MOLLCOI253","MollCOI253",15,15,1,0,0,217.35,377.85,412.85,693,762.45,866.81,0,0.933333333333333,0.733333333333333
"Psocodea","NOPLANT","NoPlant",15,15,1,0,0,103.35,313.47,63.6,147.35,197.05,410.062,0,0.533333333333333,0
"Psocodea","NOSPI2_LAURELIN","NoSpi2 + Laurelin",15,15,1,0,0,103.35,304.47,105.4,226.606,258.95,463.274,0,0.533333333333333,0
"Psocodea","NOSPID","Spidprey",15,15,1,0,0,101.07,571.4,105.4,221.69,264.75,662.04,0.333333333333333,0.466666666666667,0
"Psocodea","VERT","Vertebrate COI",15,13,0.866666666666667,0.133333333333333,0,146.58,277.264,50.9,273.9,197.68,473.716,0,0.384615384615385,0.461538461538462
"Psocodea","ZBJ_ART","ZBJ-Art",15,13,0.866666666666667,0.133333333333333,0,436.9,1256.75,318.35,374.56,713.67,1628.31,0,0.769230769230769,0.692307692307692
"Psocodea","ZBJ_ART_DEG","ZBJ-Art degenerate",15,13,0.866666666666667,0.133333333333333,0,235.72,296.736,106.5,289.41,387.67,564.1,0,0.615384615384615,0.461538461538462
"Siphonaptera","ANML","ANML",49,0,0,1,,,,,,,,,,
"Siphonaptera","ARF","ARF1 + Fol-degen",49,0,0,1,,,,0,0,,,,,
"Siphonaptera","BEEPRIME","BeePrime",49,0,0,1,,,,5.6,217.85,,,,,
"Siphonaptera","BF1_BR1","BF1 + BR1",49,47,0.959183673469388,0.0408163265306122,0.702127659574468,0,17.62,0,111.14,0,111.14,0,0.0851063829787234,0
"Siphonaptera","BF1_BR2","BF1 + BR2",49,39,0.795918367346939,0.204081632653061,0.743589743589744,0,17.62,0,0,0,18.02,0,0,0
"Siphonaptera","BF2_BR1","BF2 + BR1",49,0,0,1,,,,0,111.14,,,,,
"Siphonaptera","BF2_BR2","BF2 + BR2",49,0,0,1,,,,0,0,,,,,
"Siphonaptera","BF3_BR2","BF3 + BR2",49,0,0,1,,,,0,0,,,,,
"Siphonaptera","BR5_ARR5","BR5",49,0,0,1,,,,0,0,,,,,
"Siphonaptera","F230R","F230R",49,0,0,1,,,,0,2.15,,,,,
"Siphonaptera","FISH_F2_R1","FishF2 + FishR1",49,0,0,1,,,,100.4,155.75,,,,,
"Siphonaptera","FOLMER","Folmer barcode",49,0,0,1,,,,73.8,125.72,,,,,
"Siphonaptera","FWH1","fwh1",49,0,0,1,,,,,,,,,,
"Siphonaptera","FWH2","fwh2",49,47,0.959183673469388,0.0408163265306122,0.425531914893617,0,30.6460000000001,0,110.182,11.77,136.192,0.0212765957446809,0.0638297872340425,0
"Siphonaptera","FWH2_EPTDR2N","fwh2 + EPTDr2n",49,44,0.897959183673469,0.102040816326531,0.181818181818182,0,30.6460000000001,26.85,689.1,48.05,689.1,0,0,0.227272727272727
"Siphonaptera","HEXCOI","HexCOI",49,0,0,1,,,,0,2.35500000000003,,,,,
"Siphonaptera","MCO","Leray 313",49,39,0.795918367346939,0.204081632653061,0.461538461538462,0,169.8,0,0,6.45,176.25,0,0.17948717948718,0
"Siphonaptera","LERAY_XT","Leray-XT",49,39,0.795918367346939,0.204081632653061,0.461538461538462,0,169.8,0,0,6.45,176.25,0,0.17948717948718,0
"Siphonaptera","MOLLCOI253","MollCOI253",49,45,0.918367346938776,0.0816326530612245,0,299.7,394.955,518.6,766.3,807.65,1070.37,0,1,0.977777777777778
"Siphonaptera","NOPLANT","NoPlant",49,23,0.469387755102041,0.530612244897959,0.608695652173913,0,43.52,0,75.25,0,85.84,0,0.0869565217391304,0
"Siphonaptera","NOSPI2_LAURELIN","NoSpi2 + Laurelin",49,27,0.551020408163265,0.448979591836735,0.666666666666667,0,21.7600000000001,0,125.5,0,107.42,0,0.0740740740740741,0
"Siphonaptera","NOSPID","Spidprey",49,23,0.469387755102041,0.530612244897959,0.695652173913043,0,0,0,125.5,0,117.72,0,0.0434782608695652,0
"Siphonaptera","VERT","Vertebrate COI",49,0,0,1,,,,49.85,49.85,,,,,
"Siphonaptera","ZBJ_ART","ZBJ-Art",49,0,0,1,,,,,,,,,,
"Siphonaptera","ZBJ_ART_DEG","ZBJ-Art degenerate",49,0,0,1,,,,,,,,,,
"Thysanoptera","ANML","ANML",11,4,0.363636363636364,0.636363636363636,0,171.75,225.89,169.8,230,364.4,413.75,0,1,1
"Thysanoptera","ARF","ARF1 + Fol-degen",11,8,0.727272727272727,0.272727272727273,0.25,482.1,511.8,0,0,506.76,511.8,0,0,0.625
"Thysanoptera","BEEPRIME","BeePrime",11,11,1,0,0,1128.6,1271.65,15.8,130.89,1138.8,1336.95,0.727272727272727,0.727272727272727,0.909090909090909
"Thysanoptera","BF1_BR1","BF1 + BR1",11,11,1,0,0.272727272727273,17.62,47.37,124.8,124.8,142.42,289.3,0,0,0.0909090909090909
"Thysanoptera","BF1_BR2","BF1 + BR2",11,8,0.727272727272727,0.272727272727273,0.5,17.62,47.37,0,0,8.81,96.716,0,0,0.125
"Thysanoptera","BF2_BR1","BF2 + BR1",11,11,1,0,0.272727272727273,793,833.2,124.8,124.8,958,982.24,0,0,0.727272727272727
"Thysanoptera","BF2_BR2","BF2 + BR2",11,8,0.727272727272727,0.272727272727273,0.375,793,833.2,0,0,813.1,833.2,0,0,0.625
"Thysanoptera","BF3_BR2","BF3 + BR2",11,8,0.727272727272727,0.272727272727273,0.375,461.7,461.7,0,0,461.7,461.7,0,0,0.625
"Thysanoptera","BR5_ARR5","BR5",11,11,1,0,0.272727272727273,461.7,461.7,36.3,36.3,498,498,0,0,0.727272727272727
"Thysanoptera","F230R","F230R",11,4,0.363636363636364,0.636363636363636,0,171.75,225.89,1535,1535,215.9,1310.35,0.25,0.5,1
"Thysanoptera","FISH_F2_R1","FishF2 + FishR1",11,4,0.363636363636364,0.636363636363636,0,274.75,513.035,106.49,148.63,388.375,616.605,1,1,0.75
"Thysanoptera","FOLMER","Folmer barcode",11,4,0.363636363636364,0.636363636363636,0,171.75,225.89,72.95,122.59,271.875,349.43,0,0.25,1
"Thysanoptera","FWH1","fwh1",11,4,0.363636363636364,0.636363636363636,0.25,17.5,24.8,0,117.13,17.5,24.8,0,0,0
"Thysanoptera","FWH2","fwh2",11,11,1,0,0.181818181818182,11.77,30.05,36.3,73.95,57.95,95.39,0,0,0.181818181818182
"Thysanoptera","FWH2_EPTDR2N","fwh2 + EPTDr2n",11,9,0.818181818181818,0.181818181818182,0,11.77,30.05,1497.6,1945.64,1497.6,1965.314,0,0,1
"Thysanoptera","HEXCOI","HexCOI",11,11,1,0,0.272727272727273,765.2,765.2,124.8,124.8,890,908.32,0,0,0.727272727272727
"Thysanoptera","MCO","Leray 313",11,8,0.727272727272727,0.272727272727273,0,21.65,169.8,0,0,84.48,169.8,0,0.375,0.125
"Thysanoptera","LERAY_XT","Leray-XT",11,8,0.727272727272727,0.272727272727273,0.25,11.77,169.8,0,0,34.83,169.8,0,0.375,0
"Thysanoptera","MOLLCOI253","MollCOI253",11,11,1,0,0,364.7,471.1,488,569.3,814.8,973.7,0,1,1
"Thysanoptera","NOPLANT","NoPlant",11,11,1,0,0,72.2,128.2,17.2,130.89,145.4,203.09,0,0,0.727272727272727
"Thysanoptera","NOSPI2_LAURELIN","NoSpi2 + Laurelin",11,11,1,0,0,10.2,128.2,15.8,212.44,128.2,222.64,0,0.0909090909090909,0.0909090909090909
"Thysanoptera","NOSPID","Spidprey",11,11,1,0,0,187.9,229,22.4,141.3,226.8,329.2,0,0.0909090909090909,0.727272727272727
"Thysanoptera","VERT","Vertebrate COI",11,4,0.363636363636364,0.636363636363636,0,242.03,284.76,49.85,292.65,424.98,577.41,0,0.25,0.75
"Thysanoptera","ZBJ_ART","ZBJ-Art",11,4,0.363636363636364,0.636363636363636,0,129.75,294.005,100.4,117.25,186.225,381.43,0,0.25,0
"Thysanoptera","ZBJ_ART_DEG","ZBJ-Art degenerate",11,4,0.363636363636364,0.636363636363636,0,20.95,240.106,5.6,123.58,23.75,241.786,0,0.25,0
"Trichoptera","ANML","ANML",10,2,0.2,0.8,0,104.5,117.06,84.5,128.25,204.325,263.465,0,0.5,1
"Trichoptera","ARF","ARF1 + Fol-degen",10,2,0.2,0.8,1,0,3.92399999999999,0,0,0,0,0,0,0
"Trichoptera","BEEPRIME","BeePrime",10,9,0.9,0.1,0,591,636.61,11.77,107.13,646.5,782.306,1,1,1
"Trichoptera","BF1_BR1","BF1 + BR1",10,9,0.9,0.1,0.666666666666667,0,18.02,0,0,0,18.02,0,0,0
"Trichoptera","BF1_BR2","BF1 + BR2",10,2,0.2,0.8,1,0,18.02,0,0,0,0,0,0,0
"Trichoptera","BF2_BR1","BF2 + BR1",10,9,0.9,0.1,1,0,0,0,0,0,0,0,0,0
"Trichoptera","BF2_BR2","BF2 + BR2",10,2,0.2,0.8,1,0,0,0,0,0,0,0,0,0
"Trichoptera","BF3_BR2","BF3 + BR2",10,2,0.2,0.8,1,0,0,0,0,0,0,0,0,0
"Trichoptera","BR5_ARR5","BR5",10,9,0.9,0.1,1,0,0,0,0,0,0,0,0,0
"Trichoptera","F230R","F230R",10,2,0.2,0.8,0,104.5,117.06,0,0,104.5,117.06,0,0,1
"Trichoptera","FISH_F2_R1","FishF2 + FishR1",10,2,0.2,0.8,0,242.8,247.28,100.4,122.72,357.15,372.79,0,1,0
"Trichoptera","FOLMER","Folmer barcode",10,2,0.2,0.8,0,104.5,117.06,18.45,87.85,162.975,187.795,0,0,1
"Trichoptera","FWH1","fwh1",10,2,0.2,0.8,1,0,0,0,0,0,0,0,0,0
"Trichoptera","FWH2","fwh2",10,9,0.9,0.1,0.333333333333333,0,26.25,0,135.84,11.77,150.81,0,0.111111111111111,0
"Trichoptera","FWH2_EPTDR2N","fwh2 + EPTDr2n",10,9,0.9,0.1,0,0,26.25,82.6,167.99,82.6,179.196,0,0,0
"Trichoptera","HEXCOI","HexCOI",10,9,0.9,0.1,0.888888888888889,0,0,0,0.784999999999997,0,1.56999999999999,0,0,0
"Trichoptera","MCO","Leray 313",10,2,0.2,0.8,0.5,6.45,60.2099999999998,0,0,122.525,220.545,0,0.5,0
"Trichoptera","LERAY_XT","Leray-XT",10,2,0.2,0.8,0.5,6.45,45.1599999999999,0,0,84.9,152.82,0,0.5,0
"Trichoptera","MOLLCOI253","MollCOI253",10,9,0.9,0.1,0,398.1,447.82,453.2,775.69,898.7,1072.47,0,1,1
"Trichoptera","NOPLANT","NoPlant",10,9,0.9,0.1,0.555555555555556,0,0,0,75.26,0,75.26,0,0,0
"Trichoptera","NOSPI2_LAURELIN","NoSpi2 + Laurelin",10,9,0.9,0.1,0.555555555555556,0,0,0,125.87,0,125.87,0,0.111111111111111,0
"Trichoptera","NOSPID","Spidprey",10,9,0.9,0.1,0.555555555555556,0,0,0,125.87,0,125.87,0,0.111111111111111,0
"Trichoptera","VERT","Vertebrate COI",10,2,0.2,0.8,0,128.13,142.89,49.85,49.85,177.98,192.74,0,0,0
"Trichoptera","ZBJ_ART","ZBJ-Art",10,2,0.2,0.8,0,32.4,58.32,48.25,61.34,75.925,131.105,0,0,0
"Trichoptera","ZBJ_ART_DEG","ZBJ-Art degenerate",10,2,0.2,0.8,0.5,8.9,16.02,11.2,17.65,14.5,26.1,0,0,0
