"pair_id","pair_label","source_group","family","n_sequences","n_species","n_pair_scorable","pair_scorable_fraction","forward_median_penalty","reverse_median_penalty","pair_median_penalty","pair_p90_penalty","perfect_match_fraction_among_scorable","terminal_3_mismatch_fraction_among_scorable"
"ZBJ_ART","ZBJ-Art","Acari","Acaridae",1,1,1,1,120.07,313.65,433.72,433.72,0,1
"ZBJ_ART","ZBJ-Art","Acari","Allothyridae",1,1,1,1,81.55,6.45,88,88,0,0
"ZBJ_ART","ZBJ-Art","Acari","Ameronothridae",1,1,1,1,166.47,5.1,171.57,171.57,0,1
"ZBJ_ART","ZBJ-Art","Acari","Argasidae",38,24,38,1,211.325,174.05,378.25,560.291,0,0.81578947368421
"ZBJ_ART","ZBJ-Art","Acari","Arrenuridae",1,1,1,1,249.5,0,249.5,249.5,0,1
"ZBJ_ART","ZBJ-Art","Acari","Blattisociidae",2,2,2,1,580.475,28.575,609.05,648.05,0,1
"ZBJ_ART","ZBJ-Art","Acari","Demodicidae",1,1,1,1,1229.05,116.82,1345.87,1345.87,0,1
"ZBJ_ART","ZBJ-Art","Acari","Dermanyssidae",1,1,1,1,990.4,199.5,1189.9,1189.9,0,1
"ZBJ_ART","ZBJ-Art","Acari","Ereynetidae",1,1,1,1,288.65,29.45,318.1,318.1,0,1
"ZBJ_ART","ZBJ-Art","Acari","Eriophyidae",3,3,3,1,196.95,219.1,222.2,422.32,0,0.666666666666667
"ZBJ_ART","ZBJ-Art","Acari","Eviphididae",2,2,0,0,,91.575,,,,
"ZBJ_ART","ZBJ-Art","Acari","Fortuyniidae",1,1,1,1,40.85,136.62,177.47,177.47,0,1
"ZBJ_ART","ZBJ-Art","Acari","Glycyphagidae",1,1,1,1,100.45,192.5,292.95,292.95,0,0
"ZBJ_ART","ZBJ-Art","Acari","Haemogamasidae",2,2,2,1,278.12,56.075,334.195,336.919,0,1
"ZBJ_ART","ZBJ-Art","Acari","Histiostomatidae",1,1,1,1,239,377.5,616.5,616.5,0,1
"ZBJ_ART","ZBJ-Art","Acari","Hygrobatidae",1,1,1,1,112.95,103.1,216.05,216.05,0,1
"ZBJ_ART","ZBJ-Art","Acari","Ixodidae",157,65,156,0.993630573248408,81.55,90,184.9,421.65,0,0.634615384615385
"ZBJ_ART","ZBJ-Art","Acari","Laelapidae",2,2,2,1,1494.235,80.2,1574.435,2602.783,0,1
"ZBJ_ART","ZBJ-Art","Acari","Liodidae",1,1,1,1,561.2,6.95,568.15,568.15,0,1
"ZBJ_ART","ZBJ-Art","Acari","Macrochelidae",1,1,1,1,2998.64,68.35,3066.99,3066.99,0,1
"ZBJ_ART","ZBJ-Art","Acari","Parasitidae",2,2,0,0,,159.55,,,,
"ZBJ_ART","ZBJ-Art","Acari","Phytoseiidae",3,3,3,1,507.2,60.95,666.5,1800.94,0,1
"ZBJ_ART","ZBJ-Art","Acari","Psoroptidae",1,1,1,1,70.6,215.15,285.75,285.75,0,1
"ZBJ_ART","ZBJ-Art","Acari","Pyroglyphidae",1,1,1,1,85.6,121.7,207.3,207.3,0,1
"ZBJ_ART","ZBJ-Art","Acari","Rhinonyssidae",1,1,1,1,669.4,232.8,902.2,902.2,0,1
"ZBJ_ART","ZBJ-Art","Acari","Sarcoptidae",2,1,2,1,20.4,22.9,43.3,43.3,0,0
"ZBJ_ART","ZBJ-Art","Acari","Sperchontidae",1,1,1,1,515.35,41.85,557.2,557.2,0,0
"ZBJ_ART","ZBJ-Art","Acari","Tetranychidae",8,5,8,1,376.95,21.4,398.35,412.15,0,1
"ZBJ_ART","ZBJ-Art","Acari","Trombiculidae",4,4,4,1,1319.1,53.575,1372.485,1737.89,0,1
"ZBJ_ART","ZBJ-Art","Acari","Unionicolidae",1,1,1,1,360.22,130.5,490.72,490.72,0,0
"ZBJ_ART","ZBJ-Art","Acari","Urodinychidae",1,1,1,1,476.55,232.25,708.8,708.8,0,1
"ZBJ_ART","ZBJ-Art","Coleoptera","Attelabidae",1,1,1,1,3.55,18.2,21.75,21.75,0,0
"ZBJ_ART","ZBJ-Art","Coleoptera","Brentidae",4,1,4,1,201.1,27.67,228.77,228.77,0,1
"ZBJ_ART","ZBJ-Art","Coleoptera","Buprestidae",2,2,2,1,165.885,177.75,343.635,360.727,0,1
"ZBJ_ART","ZBJ-Art","Coleoptera","Cantharidae",3,3,3,1,49.72,169.8,231.27,236.03,0,1
"ZBJ_ART","ZBJ-Art","Coleoptera","Carabidae",10,9,10,1,3.1,9.075,56.3,192.145,0.1,0.5
"ZBJ_ART","ZBJ-Art","Coleoptera","Cerambycidae",16,16,16,1,87.775,95.47,204.95,407.975,0.0625,0.4375
"ZBJ_ART","ZBJ-Art","Coleoptera","Cerophytidae",1,1,1,1,84.9,0,84.9,84.9,0,1
"ZBJ_ART","ZBJ-Art","Coleoptera","Chrysomelidae",19,19,18,0.947368421052632,46.025,77.9,157.825,329.756,0,0.444444444444444
"ZBJ_ART","ZBJ-Art","Coleoptera","Cleridae",4,4,4,1,115.625,55.925,164.075,228.65,0,0.5
"ZBJ_ART","ZBJ-Art","Coleoptera","Coccinellidae",9,9,9,1,261.25,107.35,361.65,455.566,0,0.333333333333333
"ZBJ_ART","ZBJ-Art","Coleoptera","Cucujidae",2,2,2,1,109.82,85.725,195.545,274.525,0,0.5
"ZBJ_ART","ZBJ-Art","Coleoptera","Curculionidae",36,36,35,0.972222222222222,30.1,102.925,158.27,311.68,0,0.542857142857143
"ZBJ_ART","ZBJ-Art","Coleoptera","Dermestidae",1,1,1,1,497.7,29.9,527.6,527.6,0,1
"ZBJ_ART","ZBJ-Art","Coleoptera","Dytiscidae",14,14,7,0.5,245.9,23.475,262.75,500.952,0,0.428571428571429
"ZBJ_ART","ZBJ-Art","Coleoptera","Elateridae",4,4,4,1,271.47,64.55,331.57,592.317,0,0.5
"ZBJ_ART","ZBJ-Art","Coleoptera","Gyrinidae",1,1,1,1,14.85,0,14.85,14.85,0,0
"ZBJ_ART","ZBJ-Art","Coleoptera","Hydraenidae",6,6,0,0,,140.975,,,,
"ZBJ_ART","ZBJ-Art","Coleoptera","Hydrophilidae",1,1,1,1,156.65,176.25,332.9,332.9,0,1
"ZBJ_ART","ZBJ-Art","Coleoptera","Lampyridae",10,10,10,1,16.875,47.06,64.88,141.905,0,0.2
"ZBJ_ART","ZBJ-Art","Coleoptera","Lucanidae",5,5,5,1,453.8,103.1,559.99,793.166,0,0.8
"ZBJ_ART","ZBJ-Art","Coleoptera","Lycidae",1,1,1,1,77.9,57.15,135.05,135.05,0,0
"ZBJ_ART","ZBJ-Art","Coleoptera","Lymexylidae",6,4,6,1,150.075,109.5,264.02,310.5,0,1
"ZBJ_ART","ZBJ-Art","Coleoptera","Meloidae",5,5,5,1,179.75,263.87,443.62,569.224,0,1
"ZBJ_ART","ZBJ-Art","Coleoptera","Melyridae",3,3,3,1,3.55,6.95,203.25,234.802,0,0.666666666666667
"ZBJ_ART","ZBJ-Art","Coleoptera","Nitidulidae",9,9,9,1,66.94,112.15,194.69,327.298,0,0.777777777777778
"ZBJ_ART","ZBJ-Art","Coleoptera","Ptinidae",1,1,0,0,,300.3,,,,
"ZBJ_ART","ZBJ-Art","Coleoptera","Rhagophthalmidae",2,2,2,1,116.4,0,116.4,138.76,0,1
"ZBJ_ART","ZBJ-Art","Coleoptera","Scarabaeidae",27,18,27,1,266.55,43.5,438.7,644.73,0,0.481481481481481
"ZBJ_ART","ZBJ-Art","Coleoptera","Silphidae",1,1,1,1,4.3,133.15,137.45,137.45,0,1
"ZBJ_ART","ZBJ-Art","Coleoptera","Silvanidae",1,1,1,1,5.6,280.95,286.55,286.55,0,1
"ZBJ_ART","ZBJ-Art","Coleoptera","Staphylinidae",5,5,4,0.8,53.26,77.35,119.695,225.076,0,0.25
"ZBJ_ART","ZBJ-Art","Coleoptera","Tenebrionidae",14,12,14,1,89.55,30.1,119.075,250.83,0,0.285714285714286
"ZBJ_ART","ZBJ-Art","Coleoptera","Tetratomidae",2,2,2,1,96.825,188.325,285.15,285.43,0,1
"ZBJ_ART","ZBJ-Art","Coleoptera","Trogidae",1,1,1,1,457.4,11.75,469.15,469.15,0,0
"ZBJ_ART","ZBJ-Art","Coleoptera","Vesperidae",1,1,1,1,108.3,177.65,285.95,285.95,0,1
"ZBJ_ART","ZBJ-Art","Collembola","Actaletidae",1,1,1,1,215.24,280.95,496.19,496.19,0,1
"ZBJ_ART","ZBJ-Art","Collembola","Bourletiellidae",1,1,1,1,122.4,92.35,214.75,214.75,0,0
"ZBJ_ART","ZBJ-Art","Collembola","Dicyrtomidae",2,2,2,1,205.475,109.025,314.5,366.22,0,1
"ZBJ_ART","ZBJ-Art","Collembola","Entomobryidae",11,10,11,1,78.65,130.3,239.2,558.8,0,0.454545454545455
"ZBJ_ART","ZBJ-Art","Collembola","Hypogastruridae",2,2,2,1,125.9,180.4,306.3,385.74,0,0.5
"ZBJ_ART","ZBJ-Art","Collembola","Isotomidae",13,10,13,1,141.69,142.05,236.1,456.722,0,0.769230769230769
"ZBJ_ART","ZBJ-Art","Collembola","Neanuridae",12,11,12,1,268.75,184.35,456.175,517.317,0,1
"ZBJ_ART","ZBJ-Art","Collembola","Neelidae",1,1,1,1,122.89,18.7,141.59,141.59,0,0
"ZBJ_ART","ZBJ-Art","Collembola","Oncopoduridae",1,1,1,1,118.85,205.25,324.1,324.1,0,1
"ZBJ_ART","ZBJ-Art","Collembola","Onychiuridae",4,4,4,1,422.9,92.65,478.475,725.215,0,0.75
"ZBJ_ART","ZBJ-Art","Collembola","Orchesellidae",3,3,3,1,170.6,203,373.6,485.56,0,0.666666666666667
"ZBJ_ART","ZBJ-Art","Collembola","Paronellidae",4,4,4,1,181.65,127.16,313.51,373.84,0,1
"ZBJ_ART","ZBJ-Art","Collembola","Sminthuridae",2,2,2,1,258.095,104.435,362.53,451.554,0,1
"ZBJ_ART","ZBJ-Art","Collembola","Tomoceridae",2,2,2,1,80.425,106.275,186.7,192.82,0,0
"ZBJ_ART","ZBJ-Art","Collembola","Tullbergiidae",2,2,2,1,676.04,175.125,851.165,1064.065,0,1
"ZBJ_ART","ZBJ-Art","Hymenoptera","Andrenidae",1,1,1,1,609.95,59.05,669,669,0,1
"ZBJ_ART","ZBJ-Art","Hymenoptera","Apidae",67,13,67,1,831.34,62.2,893.54,909.91,0,1
"ZBJ_ART","ZBJ-Art","Hymenoptera","Argidae",1,1,1,1,242.8,5.1,247.9,247.9,0,0
"ZBJ_ART","ZBJ-Art","Hymenoptera","Athaliidae",3,2,3,1,145.1,117.25,262.35,342.23,0,0
"ZBJ_ART","ZBJ-Art","Hymenoptera","Bethylidae",1,1,1,1,111.9,51.3,163.2,163.2,0,1
"ZBJ_ART","ZBJ-Art","Hymenoptera","Blasticotomidae",2,2,2,1,460.435,65.285,525.72,529.16,0,1
"ZBJ_ART","ZBJ-Art","Hymenoptera","Braconidae",9,9,9,1,107.35,174.9,299.55,457.52,0,0.666666666666667
"ZBJ_ART","ZBJ-Art","Hymenoptera","Cephidae",8,8,8,1,78.74,17.775,131.875,209.005,0,0
"ZBJ_ART","ZBJ-Art","Hymenoptera","Ceraphronidae",1,1,1,1,870.44,32.15,902.59,902.59,0,1
"ZBJ_ART","ZBJ-Art","Hymenoptera","Chalcididae",1,1,1,1,39.7,338.22,377.92,377.92,0,1
"ZBJ_ART","ZBJ-Art","Hymenoptera","Cimbicidae",5,5,5,1,3.2,18.15,21.35,101.77,0,0.4
"ZBJ_ART","ZBJ-Art","Hymenoptera","Colletidae",1,1,1,1,517.35,174.9,692.25,692.25,0,1
"ZBJ_ART","ZBJ-Art","Hymenoptera","Crabronidae",1,1,1,1,308.35,66.05,374.4,374.4,0,1
"ZBJ_ART","ZBJ-Art","Hymenoptera","Cynipidae",7,7,7,1,129.75,79.8,227.55,710.9,0,0.428571428571429
"ZBJ_ART","ZBJ-Art","Hymenoptera","Diprionidae",4,4,4,1,262.225,78.15,362.075,434.69,0,0.25
"ZBJ_ART","ZBJ-Art","Hymenoptera","Encyrtidae",7,7,7,1,53.55,212.82,277.05,335.332,0,0.714285714285714
"ZBJ_ART","ZBJ-Art","Hymenoptera","Eulophidae",1,1,1,1,42.15,224.1,266.25,266.25,0,1
"ZBJ_ART","ZBJ-Art","Hymenoptera","Eupelmidae",1,1,1,1,10.15,191.42,201.57,201.57,0,1
"ZBJ_ART","ZBJ-Art","Hymenoptera","Eurytomidae",1,1,1,1,84.05,72.1,156.15,156.15,0,0
"ZBJ_ART","ZBJ-Art","Hymenoptera","Figitidae",1,1,1,1,179.85,223.42,403.27,403.27,0,0
"ZBJ_ART","ZBJ-Art","Hymenoptera","Formicidae",29,26,29,1,696.6,147.3,840.1,996.06,0,1
"ZBJ_ART","ZBJ-Art","Hymenoptera","Ibaliidae",1,1,1,1,12.55,114.82,127.37,127.37,0,0
"ZBJ_ART","ZBJ-Art","Hymenoptera","Ichneumonidae",2,2,2,1,71.475,140.875,212.35,245.11,0,0.5
"ZBJ_ART","ZBJ-Art","Hymenoptera","Megachilidae",1,1,1,1,638.65,119.6,758.25,758.25,0,1
"ZBJ_ART","ZBJ-Art","Hymenoptera","Pamphiliidae",1,1,0,0,,273.07,,,,
"ZBJ_ART","ZBJ-Art","Hymenoptera","Pelecinidae",1,1,1,1,101.4,61.75,163.15,163.15,0,1
"ZBJ_ART","ZBJ-Art","Hymenoptera","Pteromalidae",2,1,2,1,77.8,52.425,130.225,132.805,0,0
"ZBJ_ART","ZBJ-Art","Hymenoptera","Scelionidae",1,1,1,1,453.8,18.15,471.95,471.95,0,0
"ZBJ_ART","ZBJ-Art","Hymenoptera","Tenthredinidae",22,21,19,0.863636363636364,51.75,11.65,114.4,194.7,0,0.210526315789474
"ZBJ_ART","ZBJ-Art","Hymenoptera","Trichogrammatidae",1,1,1,1,53.9,139.2,193.1,193.1,0,1
"ZBJ_ART","ZBJ-Art","Hymenoptera","Trigonalidae",1,1,1,1,108.9,79.45,188.35,188.35,0,0
"ZBJ_ART","ZBJ-Art","Hymenoptera","Vespidae",13,12,13,1,220.85,85.4,291.75,659.81,0,0.692307692307692
"ZBJ_ART","ZBJ-Art","Lepidoptera","Adelidae",1,1,1,1,142.4,100.4,242.8,242.8,0,0
"ZBJ_ART","ZBJ-Art","Lepidoptera","Bombycidae",66,3,66,1,0,0,0,0,0.984848484848485,0
"ZBJ_ART","ZBJ-Art","Lepidoptera","Callidulidae",1,1,1,1,50.2,128.07,178.27,178.27,0,0
"ZBJ_ART","ZBJ-Art","Lepidoptera","Cosmopterigidae",1,1,1,1,0,0,0,0,1,0
"ZBJ_ART","ZBJ-Art","Lepidoptera","Cossidae",1,1,1,1,0,0,0,0,1,0
"ZBJ_ART","ZBJ-Art","Lepidoptera","Crambidae",9,9,9,1,22.4,5.1,25.95,74.1199999999999,0.111111111111111,0.111111111111111
"ZBJ_ART","ZBJ-Art","Lepidoptera","Endromidae",3,3,3,1,0,5.1,5.1,73.02,0,0.333333333333333
"ZBJ_ART","ZBJ-Art","Lepidoptera","Epipyropidae",1,1,1,1,34.15,39.55,73.7,73.7,0,0
"ZBJ_ART","ZBJ-Art","Lepidoptera","Erebidae",8,8,8,1,0,74.325,85.1,198.21,0.125,0.375
"ZBJ_ART","ZBJ-Art","Lepidoptera","Gelechiidae",4,4,4,1,9.225,0,9.225,27.494,0.5,0
"ZBJ_ART","ZBJ-Art","Lepidoptera","Geometridae",4,4,4,1,10.775,15.05,80.3,181.775,0,0.25
"ZBJ_ART","ZBJ-Art","Lepidoptera","Hepialidae",1,1,1,1,0,176.75,176.75,176.75,0,1
"ZBJ_ART","ZBJ-Art","Lepidoptera","Hesperiidae",8,8,8,1,0,12.55,19.775,37.45,0.125,0
"ZBJ_ART","ZBJ-Art","Lepidoptera","Lasiocampidae",1,1,1,1,3.55,0,3.55,3.55,0,0
"ZBJ_ART","ZBJ-Art","Lepidoptera","Limacodidae",2,2,2,1,0,5.875,5.875,10.575,0.5,0
"ZBJ_ART","ZBJ-Art","Lepidoptera","Lycaenidae",3,3,3,1,0,0,0,80.32,0.666666666666667,0
"ZBJ_ART","ZBJ-Art","Lepidoptera","Noctuidae",49,10,49,1,0,18.15,18.15,35.27,0.0408163265306122,0.0408163265306122
"ZBJ_ART","ZBJ-Art","Lepidoptera","Notodontidae",2,2,2,1,0,6.025,6.025,10.845,0.5,0
"ZBJ_ART","ZBJ-Art","Lepidoptera","Nymphalidae",27,26,27,1,3.1,6.95,27.5,110.17,0.0740740740740741,0.111111111111111
"ZBJ_ART","ZBJ-Art","Lepidoptera","Papilionidae",11,11,11,1,3.1,5.1,14.65,50.2,0.0909090909090909,0
"ZBJ_ART","ZBJ-Art","Lepidoptera","Pieridae",8,5,8,1,50.2,11.8,52.01,102.069,0,0.125
"ZBJ_ART","ZBJ-Art","Lepidoptera","Plutellidae",1,1,1,1,266.32,90,356.32,356.32,0,1
"ZBJ_ART","ZBJ-Art","Lepidoptera","Psychidae",1,1,1,1,169.8,47.8,217.6,217.6,0,1
"ZBJ_ART","ZBJ-Art","Lepidoptera","Pyralidae",2,2,2,1,32.21,25.1,57.31,69.542,0,0
"ZBJ_ART","ZBJ-Art","Lepidoptera","Saturniidae",3,3,3,1,18.45,6.45,28.85,106.01,0,0
"ZBJ_ART","ZBJ-Art","Lepidoptera","Scythrididae",1,1,1,1,0,0,0,0,1,0
"ZBJ_ART","ZBJ-Art","Lepidoptera","Sphingidae",7,7,7,1,0,23.3,23.3,84.9,0.428571428571429,0.285714285714286
"ZBJ_ART","ZBJ-Art","Lepidoptera","Tortricidae",13,7,13,1,3.1,0,3.1,101.21,0.307692307692308,0.0769230769230769
"ZBJ_ART","ZBJ-Art","Lepidoptera","Zygaenidae",2,2,2,1,15.65,3.225,18.875,28.815,0,0
"ZBJ_ART_DEG","ZBJ-Art degenerate","Acari","Acaridae",1,1,1,1,38.02,56.9,94.92,94.92,0,0
"ZBJ_ART_DEG","ZBJ-Art degenerate","Acari","Allothyridae",1,1,1,1,78,6.45,84.45,84.45,0,0
"ZBJ_ART_DEG","ZBJ-Art degenerate","Acari","Ameronothridae",1,1,1,1,17.62,0,17.62,17.62,0,0
"ZBJ_ART_DEG","ZBJ-Art degenerate","Acari","Argasidae",38,24,38,1,89.2,15.075,123.9,299.625,0,0.236842105263158
"ZBJ_ART_DEG","ZBJ-Art degenerate","Acari","Arrenuridae",1,1,1,1,250.64,0,250.64,250.64,0,0
"ZBJ_ART_DEG","ZBJ-Art degenerate","Acari","Blattisociidae",2,2,2,1,530.535,0,530.535,567.123,0,1
"ZBJ_ART_DEG","ZBJ-Art degenerate","Acari","Demodicidae",1,1,1,1,619.95,60.12,680.07,680.07,0,1
"ZBJ_ART_DEG","ZBJ-Art degenerate","Acari","Dermanyssidae",1,1,1,1,545,29.7,574.7,574.7,0,1
"ZBJ_ART_DEG","ZBJ-Art degenerate","Acari","Ereynetidae",1,1,1,1,169.8,10.75,180.55,180.55,0,1
"ZBJ_ART_DEG","ZBJ-Art degenerate","Acari","Eriophyidae",3,3,3,1,63.22,21.75,88.72,195.12,0,0
"ZBJ_ART_DEG","ZBJ-Art degenerate","Acari","Eviphididae",2,2,0,0,,11.2,,,,
"ZBJ_ART_DEG","ZBJ-Art degenerate","Acari","Fortuyniidae",1,1,1,1,0,51.72,51.72,51.72,0,0
"ZBJ_ART_DEG","ZBJ-Art degenerate","Acari","Glycyphagidae",1,1,1,1,38.02,179.63,217.65,217.65,0,0
"ZBJ_ART_DEG","ZBJ-Art degenerate","Acari","Haemogamasidae",2,2,2,1,196.015,11.625,207.64,211.328,0,1
"ZBJ_ART_DEG","ZBJ-Art degenerate","Acari","Histiostomatidae",1,1,1,1,45.2,107.3,152.5,152.5,0,0
"ZBJ_ART_DEG","ZBJ-Art degenerate","Acari","Hygrobatidae",1,1,1,1,91.47,6.45,97.92,97.92,0,0
"ZBJ_ART_DEG","ZBJ-Art degenerate","Acari","Ixodidae",157,65,156,0.993630573248408,78,10.75,88.75,122.11,0,0.0128205128205128
"ZBJ_ART_DEG","ZBJ-Art degenerate","Acari","Laelapidae",2,2,2,1,950,5.6,955.6,1624.72,0,1
"ZBJ_ART_DEG","ZBJ-Art degenerate","Acari","Liodidae",1,1,1,1,0,0,0,0,1,0
"ZBJ_ART_DEG","ZBJ-Art degenerate","Acari","Macrochelidae",1,1,1,1,1841,11.2,1852.2,1852.2,0,1
"ZBJ_ART_DEG","ZBJ-Art degenerate","Acari","Parasitidae",2,2,0,0,,21.575,,,,
"ZBJ_ART_DEG","ZBJ-Art degenerate","Acari","Phytoseiidae",3,3,3,1,502.42,13.45,515.87,1536.414,0,1
"ZBJ_ART_DEG","ZBJ-Art degenerate","Acari","Psoroptidae",1,1,1,1,20.4,17.8,38.2,38.2,0,0
"ZBJ_ART_DEG","ZBJ-Art degenerate","Acari","Pyroglyphidae",1,1,1,1,20.4,29.85,50.25,50.25,0,0
"ZBJ_ART_DEG","ZBJ-Art degenerate","Acari","Rhinonyssidae",1,1,1,1,619.2,27.8,647,647,0,1
"ZBJ_ART_DEG","ZBJ-Art degenerate","Acari","Sarcoptidae",2,1,2,1,20.4,17.8,38.2,38.2,0,0
"ZBJ_ART_DEG","ZBJ-Art degenerate","Acari","Sperchontidae",1,1,1,1,250.64,0,250.64,250.64,0,0
"ZBJ_ART_DEG","ZBJ-Art degenerate","Acari","Tetranychidae",8,5,8,1,140.02,2.8,140.02,145.62,0,1
"ZBJ_ART_DEG","ZBJ-Art degenerate","Acari","Trombiculidae",4,4,4,1,944.015,2.8,957.85,1045.86,0,1
"ZBJ_ART_DEG","ZBJ-Art degenerate","Acari","Unionicolidae",1,1,1,1,250.64,0,250.64,250.64,0,0
"ZBJ_ART_DEG","ZBJ-Art degenerate","Acari","Urodinychidae",1,1,1,1,179.4,117.13,296.53,296.53,0,1
"ZBJ_ART_DEG","ZBJ-Art degenerate","Coleoptera","Attelabidae",1,1,1,1,0,6.45,6.45,6.45,0,0
"ZBJ_ART_DEG","ZBJ-Art degenerate","Coleoptera","Brentidae",4,1,4,1,169.8,27.67,197.47,197.47,0,1
"ZBJ_ART_DEG","ZBJ-Art degenerate","Coleoptera","Buprestidae",2,2,2,1,0,15.125,15.125,18.265,0,0
"ZBJ_ART_DEG","ZBJ-Art degenerate","Coleoptera","Cantharidae",3,3,3,1,0,0,0,8.6,0.666666666666667,0
"ZBJ_ART_DEG","ZBJ-Art degenerate","Coleoptera","Carabidae",10,9,10,1,0,0,0,32.838,0.6,0.1
"ZBJ_ART_DEG","ZBJ-Art degenerate","Coleoptera","Cerambycidae",16,16,16,1,0,6.45,18.61,97.255,0.1875,0.0625
"ZBJ_ART_DEG","ZBJ-Art degenerate","Coleoptera","Cerophytidae",1,1,1,1,0,0,0,0,1,0
"ZBJ_ART_DEG","ZBJ-Art degenerate","Coleoptera","Chrysomelidae",19,19,18,0.947368421052632,0,6.45,11.2,67.423,0.277777777777778,0.0555555555555556
"ZBJ_ART_DEG","ZBJ-Art degenerate","Coleoptera","Cleridae",4,4,4,1,0,6.45,7.425,10.36,0,0
"ZBJ_ART_DEG","ZBJ-Art degenerate","Coleoptera","Coccinellidae",9,9,9,1,0,17.65,46.12,118.42,0.222222222222222,0
"ZBJ_ART_DEG","ZBJ-Art degenerate","Coleoptera","Cucujidae",2,2,2,1,41.535,8.825,50.36,76.528,0,0
"ZBJ_ART_DEG","ZBJ-Art degenerate","Coleoptera","Curculionidae",36,36,35,0.972222222222222,0,6.45,7.85,125.78,0.342857142857143,0.114285714285714
"ZBJ_ART_DEG","ZBJ-Art degenerate","Coleoptera","Dermestidae",1,1,1,1,229.55,11.2,240.75,240.75,0,1
"ZBJ_ART_DEG","ZBJ-Art degenerate","Coleoptera","Dytiscidae",14,14,7,0.5,0,9.3,10.75,32.458,0.285714285714286,0
"ZBJ_ART_DEG","ZBJ-Art degenerate","Coleoptera","Elateridae",4,4,4,1,0,0,0,7.84,0.75,0
"ZBJ_ART_DEG","ZBJ-Art degenerate","Coleoptera","Gyrinidae",1,1,1,1,17.62,0,17.62,17.62,0,0
"ZBJ_ART_DEG","ZBJ-Art degenerate","Coleoptera","Hydraenidae",6,6,0,0,,0,,,,
"ZBJ_ART_DEG","ZBJ-Art degenerate","Coleoptera","Hydrophilidae",1,1,1,1,0,6.45,6.45,6.45,0,0
"ZBJ_ART_DEG","ZBJ-Art degenerate","Coleoptera","Lampyridae",10,10,10,1,3.2,11.2,11.2,19.617,0,0
"ZBJ_ART_DEG","ZBJ-Art degenerate","Coleoptera","Lucanidae",5,5,5,1,188.12,6.45,207.17,225.582,0,0.6
"ZBJ_ART_DEG","ZBJ-Art degenerate","Coleoptera","Lycidae",1,1,1,1,29.38,0,29.38,29.38,0,0
"ZBJ_ART_DEG","ZBJ-Art degenerate","Coleoptera","Lymexylidae",6,4,6,1,13.1,17.65,26.05,45.44,0,0
"ZBJ_ART_DEG","ZBJ-Art degenerate","Coleoptera","Meloidae",5,5,5,1,77.82,65.17,142.99,155.98,0,0
"ZBJ_ART_DEG","ZBJ-Art degenerate","Coleoptera","Melyridae",3,3,3,1,0,0,0,167.44,0.666666666666667,0.333333333333333
"ZBJ_ART_DEG","ZBJ-Art degenerate","Coleoptera","Nitidulidae",9,9,9,1,0,7.85,8.4,80.4459999999999,0.333333333333333,0.111111111111111
"ZBJ_ART_DEG","ZBJ-Art degenerate","Coleoptera","Ptinidae",1,1,0,0,,0,,,,
"ZBJ_ART_DEG","ZBJ-Art degenerate","Coleoptera","Rhagophthalmidae",2,2,2,1,0,0,0,0,1,0
"ZBJ_ART_DEG","ZBJ-Art degenerate","Coleoptera","Scarabaeidae",27,18,27,1,0,0,11.2,124.178,0.481481481481481,0.037037037037037
"ZBJ_ART_DEG","ZBJ-Art degenerate","Coleoptera","Silphidae",1,1,1,1,0,11.2,11.2,11.2,0,0
"ZBJ_ART_DEG","ZBJ-Art degenerate","Coleoptera","Silvanidae",1,1,1,1,8.4,10.75,19.15,19.15,0,0
"ZBJ_ART_DEG","ZBJ-Art degenerate","Coleoptera","Staphylinidae",5,5,4,0.8,7,0,19.75,53.99,0.5,0
"ZBJ_ART_DEG","ZBJ-Art degenerate","Coleoptera","Tenebrionidae",14,12,14,1,0,0,0,142.991,0.571428571428571,0.0714285714285714
"ZBJ_ART_DEG","ZBJ-Art degenerate","Coleoptera","Tetratomidae",2,2,2,1,14.69,0,14.69,26.442,0.5,0
"ZBJ_ART_DEG","ZBJ-Art degenerate","Coleoptera","Trogidae",1,1,1,1,0,0,0,0,1,0
"ZBJ_ART_DEG","ZBJ-Art degenerate","Coleoptera","Vesperidae",1,1,1,1,59.75,205.95,265.7,265.7,0,1
"ZBJ_ART_DEG","ZBJ-Art degenerate","Collembola","Actaletidae",1,1,1,1,89.86,10.75,100.61,100.61,0,0
"ZBJ_ART_DEG","ZBJ-Art degenerate","Collembola","Bourletiellidae",1,1,1,1,78,0,78,78,0,0
"ZBJ_ART_DEG","ZBJ-Art degenerate","Collembola","Dicyrtomidae",2,2,2,1,103.875,5.6,109.475,110.575,0,0
"ZBJ_ART_DEG","ZBJ-Art degenerate","Collembola","Entomobryidae",11,10,11,1,60.2,11.2,85.4,320.67,0,0.0909090909090909
"ZBJ_ART_DEG","ZBJ-Art degenerate","Collembola","Hypogastruridae",2,2,2,1,82.2,6.45,88.65,92.01,0,0
"ZBJ_ART_DEG","ZBJ-Art degenerate","Collembola","Isotomidae",13,10,13,1,81.85,7.85,89.7,167.186,0,0
"ZBJ_ART_DEG","ZBJ-Art degenerate","Collembola","Neanuridae",12,11,12,1,57.42,6.45,66.245,265.923,0.166666666666667,0.166666666666667
"ZBJ_ART_DEG","ZBJ-Art degenerate","Collembola","Neelidae",1,1,1,1,132.44,0,132.44,132.44,0,0
"ZBJ_ART_DEG","ZBJ-Art degenerate","Collembola","Oncopoduridae",1,1,1,1,78,53,131,131,0,0
"ZBJ_ART_DEG","ZBJ-Art degenerate","Collembola","Onychiuridae",4,4,4,1,239.125,5.375,250.1,310.095,0,0.75
"ZBJ_ART_DEG","ZBJ-Art degenerate","Collembola","Orchesellidae",3,3,3,1,90.3,0,92,99.24,0,0
"ZBJ_ART_DEG","ZBJ-Art degenerate","Collembola","Paronellidae",4,4,4,1,78.025,25.86,101.085,187.191,0,0
"ZBJ_ART_DEG","ZBJ-Art degenerate","Collembola","Sminthuridae",2,2,2,1,200.625,32.585,233.21,338.578,0,0.5
"ZBJ_ART_DEG","ZBJ-Art degenerate","Collembola","Tomoceridae",2,2,2,1,60.2,117.13,177.33,177.33,0,0
"ZBJ_ART_DEG","ZBJ-Art degenerate","Collembola","Tullbergiidae",2,2,2,1,469.87,74.19,544.06,733.268,0,1
"ZBJ_ART_DEG","ZBJ-Art degenerate","Hymenoptera","Andrenidae",1,1,1,1,494.95,15.85,510.8,510.8,0,1
"ZBJ_ART_DEG","ZBJ-Art degenerate","Hymenoptera","Apidae",67,13,67,1,793.82,19.05,812.87,812.87,0,1
"ZBJ_ART_DEG","ZBJ-Art degenerate","Hymenoptera","Argidae",1,1,1,1,0,0,0,0,1,0
"ZBJ_ART_DEG","ZBJ-Art degenerate","Hymenoptera","Athaliidae",3,2,3,1,122.7,0,122.7,129.42,0,0
"ZBJ_ART_DEG","ZBJ-Art degenerate","Hymenoptera","Bethylidae",1,1,1,1,108.35,11.2,119.55,119.55,0,1
"ZBJ_ART_DEG","ZBJ-Art degenerate","Hymenoptera","Blasticotomidae",2,2,2,1,176.8,24.21,201.01,209.618,0,1
"ZBJ_ART_DEG","ZBJ-Art degenerate","Hymenoptera","Braconidae",9,9,9,1,6.95,0,6.95,79.486,0,0
"ZBJ_ART_DEG","ZBJ-Art degenerate","Hymenoptera","Cephidae",8,8,8,1,10.15,0,10.15,69.173,0.125,0
"ZBJ_ART_DEG","ZBJ-Art degenerate","Hymenoptera","Ceraphronidae",1,1,1,1,622.5,15.3,637.8,637.8,0,1
"ZBJ_ART_DEG","ZBJ-Art degenerate","Hymenoptera","Chalcididae",1,1,1,1,39.7,113.12,152.82,152.82,0,0
"ZBJ_ART_DEG","ZBJ-Art degenerate","Hymenoptera","Cimbicidae",5,5,5,1,3.2,11.2,14.4,14.4,0,0
"ZBJ_ART_DEG","ZBJ-Art degenerate","Hymenoptera","Colletidae",1,1,1,1,494.95,0,494.95,494.95,0,1
"ZBJ_ART_DEG","ZBJ-Art degenerate","Hymenoptera","Crabronidae",1,1,1,1,299.45,49.2,348.65,348.65,0,1
"ZBJ_ART_DEG","ZBJ-Art degenerate","Hymenoptera","Cynipidae",7,7,7,1,6.95,74.7,81.65,345.37,0,0.142857142857143
"ZBJ_ART_DEG","ZBJ-Art degenerate","Hymenoptera","Diprionidae",4,4,4,1,33.075,8.825,38.675,67.465,0,0
"ZBJ_ART_DEG","ZBJ-Art degenerate","Hymenoptera","Encyrtidae",7,7,7,1,40.15,78.2,118.35,158.658,0,0
"ZBJ_ART_DEG","ZBJ-Art degenerate","Hymenoptera","Eulophidae",1,1,1,1,19.75,49.2,68.95,68.95,0,0
"ZBJ_ART_DEG","ZBJ-Art degenerate","Hymenoptera","Eupelmidae",1,1,1,1,10.15,106.52,116.67,116.67,0,0
"ZBJ_ART_DEG","ZBJ-Art degenerate","Hymenoptera","Eurytomidae",1,1,1,1,40.15,67,107.15,107.15,0,0
"ZBJ_ART_DEG","ZBJ-Art degenerate","Hymenoptera","Figitidae",1,1,1,1,208.05,106.52,314.57,314.57,0,0
"ZBJ_ART_DEG","ZBJ-Art degenerate","Hymenoptera","Formicidae",29,26,29,1,523.55,73.45,611.9,768.3,0,1
"ZBJ_ART_DEG","ZBJ-Art degenerate","Hymenoptera","Ibaliidae",1,1,1,1,15.35,99.97,115.32,115.32,0,0
"ZBJ_ART_DEG","ZBJ-Art degenerate","Hymenoptera","Ichneumonidae",2,2,2,1,16.625,3.225,19.85,25.01,0,0
"ZBJ_ART_DEG","ZBJ-Art degenerate","Hymenoptera","Megachilidae",1,1,1,1,616.25,7.85,624.1,624.1,0,1
"ZBJ_ART_DEG","ZBJ-Art degenerate","Hymenoptera","Pamphiliidae",1,1,0,0,,46.12,,,,
"ZBJ_ART_DEG","ZBJ-Art degenerate","Hymenoptera","Pelecinidae",1,1,1,1,101.4,6.45,107.85,107.85,0,1
"ZBJ_ART_DEG","ZBJ-Art degenerate","Hymenoptera","Pteromalidae",2,1,2,1,59.35,52.425,111.775,114.355,0,0
"ZBJ_ART_DEG","ZBJ-Art degenerate","Hymenoptera","Scelionidae",1,1,1,1,84.5,11.2,95.7,95.7,0,0
"ZBJ_ART_DEG","ZBJ-Art degenerate","Hymenoptera","Tenthredinidae",22,21,19,0.863636363636364,3.2,0,3.2,56.294,0,0.0526315789473684
"ZBJ_ART_DEG","ZBJ-Art degenerate","Hymenoptera","Trichogrammatidae",1,1,1,1,37.37,49.2,86.57,86.57,0,0
"ZBJ_ART_DEG","ZBJ-Art degenerate","Hymenoptera","Trigonalidae",1,1,1,1,55.5,13.45,68.95,68.95,0,0
"ZBJ_ART_DEG","ZBJ-Art degenerate","Hymenoptera","Vespidae",13,12,13,1,224.17,27.8,243.22,656.68,0.307692307692308,0.538461538461538
"ZBJ_ART_DEG","ZBJ-Art degenerate","Lepidoptera","Adelidae",1,1,1,1,0,0,0,0,1,0
"ZBJ_ART_DEG","ZBJ-Art degenerate","Lepidoptera","Bombycidae",66,3,66,1,0,0,0,0,1,0
"ZBJ_ART_DEG","ZBJ-Art degenerate","Lepidoptera","Callidulidae",1,1,1,1,0,27.67,27.67,27.67,0,0
"ZBJ_ART_DEG","ZBJ-Art degenerate","Lepidoptera","Cosmopterigidae",1,1,1,1,0,0,0,0,1,0
"ZBJ_ART_DEG","ZBJ-Art degenerate","Lepidoptera","Cossidae",1,1,1,1,0,0,0,0,1,0
"ZBJ_ART_DEG","ZBJ-Art degenerate","Lepidoptera","Crambidae",9,9,9,1,0,0,0,6.45,0.777777777777778,0
"ZBJ_ART_DEG","ZBJ-Art degenerate","Lepidoptera","Endromidae",3,3,3,1,0,0,0,0,1,0
"ZBJ_ART_DEG","ZBJ-Art degenerate","Lepidoptera","Epipyropidae",1,1,1,1,17.62,11.2,28.82,28.82,0,0
"ZBJ_ART_DEG","ZBJ-Art degenerate","Lepidoptera","Erebidae",8,8,8,1,0,0,0,7.875,0.75,0
"ZBJ_ART_DEG","ZBJ-Art degenerate","Lepidoptera","Gelechiidae",4,4,4,1,0,0,0,0,1,0
"ZBJ_ART_DEG","ZBJ-Art degenerate","Lepidoptera","Geometridae",4,4,4,1,0,0,0,0,1,0
"ZBJ_ART_DEG","ZBJ-Art degenerate","Lepidoptera","Hepialidae",1,1,1,1,0,0,0,0,1,0
"ZBJ_ART_DEG","ZBJ-Art degenerate","Lepidoptera","Hesperiidae",8,8,8,1,0,6.025,6.025,11.2,0.375,0
"ZBJ_ART_DEG","ZBJ-Art degenerate","Lepidoptera","Lasiocampidae",1,1,1,1,0,0,0,0,1,0
"ZBJ_ART_DEG","ZBJ-Art degenerate","Lepidoptera","Limacodidae",2,2,2,1,0,0,0,0,1,0
"ZBJ_ART_DEG","ZBJ-Art degenerate","Lepidoptera","Lycaenidae",3,3,3,1,0,0,0,0,1,0
"ZBJ_ART_DEG","ZBJ-Art degenerate","Lepidoptera","Noctuidae",49,10,49,1,0,11.2,11.2,11.2,0.0816326530612245,0
"ZBJ_ART_DEG","ZBJ-Art degenerate","Lepidoptera","Notodontidae",2,2,2,1,0,0,0,0,1,0
"ZBJ_ART_DEG","ZBJ-Art degenerate","Lepidoptera","Nymphalidae",27,26,27,1,0,0,0,13.78,0.740740740740741,0
"ZBJ_ART_DEG","ZBJ-Art degenerate","Lepidoptera","Papilionidae",11,11,11,1,0,0,0,17.65,0.636363636363636,0
"ZBJ_ART_DEG","ZBJ-Art degenerate","Lepidoptera","Pieridae",8,5,8,1,0,3.225,3.225,20.656,0.5,0
"ZBJ_ART_DEG","ZBJ-Art degenerate","Lepidoptera","Plutellidae",1,1,1,1,35.94,0,35.94,35.94,0,0
"ZBJ_ART_DEG","ZBJ-Art degenerate","Lepidoptera","Psychidae",1,1,1,1,169.8,10.75,180.55,180.55,0,1
"ZBJ_ART_DEG","ZBJ-Art degenerate","Lepidoptera","Pyralidae",2,2,2,1,7,0,7,12.6,0.5,0
"ZBJ_ART_DEG","ZBJ-Art degenerate","Lepidoptera","Saturniidae",3,3,3,1,0,6.45,6.45,6.45,0,0
"ZBJ_ART_DEG","ZBJ-Art degenerate","Lepidoptera","Scythrididae",1,1,1,1,0,0,0,0,1,0
"ZBJ_ART_DEG","ZBJ-Art degenerate","Lepidoptera","Sphingidae",7,7,7,1,0,0,0,2.58,0.857142857142857,0
"ZBJ_ART_DEG","ZBJ-Art degenerate","Lepidoptera","Tortricidae",13,7,13,1,0,0,0,0,0.923076923076923,0
"ZBJ_ART_DEG","ZBJ-Art degenerate","Lepidoptera","Zygaenidae",2,2,2,1,7,3.225,10.225,13.245,0,0
