"pair_id","pair_label","source_group","family","subfamily","n_sequences","n_species","n_pair_scorable","pair_scorable_fraction","forward_median_penalty","reverse_median_penalty","pair_median_penalty","pair_p90_penalty","perfect_match_fraction_among_scorable","terminal_3_mismatch_fraction_among_scorable"
"ZBJ_ART","ZBJ-Art","Acari","Acaridae","Rhizoglyphinae",1,1,1,1,120.07,313.65,433.72,433.72,0,1
"ZBJ_ART","ZBJ-Art","Acari","Argasidae","Argasinae",8,5,8,1,131.75,92.4,325.025,461.33,0,0.625
"ZBJ_ART","ZBJ-Art","Acari","Argasidae","Ornithodorinae",30,19,30,1,222.8,174.05,396.625,580.913,0,0.866666666666667
"ZBJ_ART","ZBJ-Art","Acari","Eriophyidae","Eriophyinae",1,1,1,1,3.1,219.1,222.2,222.2,0,1
"ZBJ_ART","ZBJ-Art","Acari","Eriophyidae","Phyllocoptinae",2,2,2,1,209.55,135.8,345.35,446.95,0,0.5
"ZBJ_ART","ZBJ-Art","Acari","Ixodidae","Amblyomminae",33,17,32,0.96969696969697,84.35,90,171.55,409.445,0,0.625
"ZBJ_ART","ZBJ-Art","Acari","Ixodidae","Haemaphysalinae",55,13,55,1,81.55,84.9,166.45,234.8,0,0.545454545454545
"ZBJ_ART","ZBJ-Art","Acari","Ixodidae","Hyalomminae",2,2,2,1,81.55,120.935,202.485,265.657,0,0.5
"ZBJ_ART","ZBJ-Art","Acari","Ixodidae","Ixodinae",24,18,24,1,81.55,148.435,256.45,611.034,0,0.708333333333333
"ZBJ_ART","ZBJ-Art","Acari","Ixodidae","Rhipicephalinae",43,15,43,1,103.2,174.9,257.2,421.65,0,0.72093023255814
"ZBJ_ART","ZBJ-Art","Acari","Parasitidae","Parasitinae",1,1,0,0,,194.1,,,,
"ZBJ_ART","ZBJ-Art","Acari","Phytoseiidae","Amblyseiinae",2,2,2,1,501.875,86.375,588.25,650.85,0,1
"ZBJ_ART","ZBJ-Art","Acari","Phytoseiidae","Typhlodrominae",1,1,1,1,2023.6,60.95,2084.55,2084.55,0,1
"ZBJ_ART","ZBJ-Art","Acari","Pyroglyphidae","Dermatophagoidinae",1,1,1,1,85.6,121.7,207.3,207.3,0,1
"ZBJ_ART","ZBJ-Art","Acari","Sarcoptidae","Sarcoptinae",2,1,2,1,20.4,22.9,43.3,43.3,0,0
"ZBJ_ART","ZBJ-Art","Acari","Unionicolidae","Pionatacinae",1,1,1,1,360.22,130.5,490.72,490.72,0,0
"ZBJ_ART","ZBJ-Art","Coleoptera","Attelabidae","Rhynchitinae",1,1,1,1,3.55,18.2,21.75,21.75,0,0
"ZBJ_ART","ZBJ-Art","Coleoptera","Brentidae","Cyladinae",4,1,4,1,201.1,27.67,228.77,228.77,0,1
"ZBJ_ART","ZBJ-Art","Coleoptera","Buprestidae","Buprestinae",1,1,1,1,99.92,222.35,322.27,322.27,0,1
"ZBJ_ART","ZBJ-Art","Coleoptera","Buprestidae","Chrysochroinae",1,1,1,1,231.85,133.15,365,365,0,1
"ZBJ_ART","ZBJ-Art","Coleoptera","Cantharidae","Cantharinae",3,3,3,1,49.72,169.8,231.27,236.03,0,1
"ZBJ_ART","ZBJ-Art","Coleoptera","Carabidae","Carabinae",1,1,1,1,33.2,126.75,159.95,159.95,0,1
"ZBJ_ART","ZBJ-Art","Coleoptera","Carabidae","Elaphrinae",1,1,1,1,3.1,0,3.1,3.1,0,0
"ZBJ_ART","ZBJ-Art","Coleoptera","Carabidae","Harpalinae",3,3,3,1,3.1,0,21.25,104.81,0.333333333333333,0.333333333333333
"ZBJ_ART","ZBJ-Art","Coleoptera","Carabidae","Rhysodinae",1,1,1,1,178.7,186.65,365.35,365.35,0,1
"ZBJ_ART","ZBJ-Art","Coleoptera","Carabidae","Scaritinae",1,1,1,1,3.1,169.8,172.9,172.9,0,1
"ZBJ_ART","ZBJ-Art","Coleoptera","Carabidae","Trechinae",2,1,2,1,3.1,0,3.1,3.1,0,0
"ZBJ_ART","ZBJ-Art","Coleoptera","Cerambycidae","Cerambycinae",5,5,5,1,74.35,133.15,202.4,238.61,0,0.4
"ZBJ_ART","ZBJ-Art","Coleoptera","Cerambycidae","Disteniinae",1,1,1,1,155.42,40.85,196.27,196.27,0,1
"ZBJ_ART","ZBJ-Art","Coleoptera","Cerambycidae","Lamiinae",5,5,5,1,165.12,121.95,287.07,513.88,0,0.6
"ZBJ_ART","ZBJ-Art","Coleoptera","Cerambycidae","Lepturinae",3,3,3,1,44.4,11.75,66.97,273.674,0.333333333333333,0.333333333333333
"ZBJ_ART","ZBJ-Art","Coleoptera","Cerambycidae","Prioninae",2,2,2,1,80.95,62.51,143.46,179.708,0,0
"ZBJ_ART","ZBJ-Art","Coleoptera","Chrysomelidae","Bruchinae",1,1,1,1,22.75,218.05,240.8,240.8,0,1
"ZBJ_ART","ZBJ-Art","Coleoptera","Chrysomelidae","Cassidinae",5,5,4,0.8,38.95,30.1,109.25,180.955,0,0.25
"ZBJ_ART","ZBJ-Art","Coleoptera","Chrysomelidae","Cryptocephalinae",1,1,1,1,93.25,0,93.25,93.25,0,0
"ZBJ_ART","ZBJ-Art","Coleoptera","Chrysomelidae","Donaciinae",1,1,1,1,61.4,39.55,100.95,100.95,0,0
"ZBJ_ART","ZBJ-Art","Coleoptera","Chrysomelidae","Eumolpinae",3,3,3,1,11.77,100.4,178.99,218.238,0,0.666666666666667
"ZBJ_ART","ZBJ-Art","Coleoptera","Chrysomelidae","Galerucinae",6,6,6,1,42.3,107.6,174.425,374.41,0,0.5
"ZBJ_ART","ZBJ-Art","Coleoptera","Chrysomelidae","Lamprosomatinae",1,1,1,1,41.85,77.9,119.75,119.75,0,0
"ZBJ_ART","ZBJ-Art","Coleoptera","Chrysomelidae","Spilopyrinae",1,1,1,1,195.4,118.6,314,314,0,1
"ZBJ_ART","ZBJ-Art","Coleoptera","Cleridae","Clerinae",3,3,3,1,149.85,63.6,183.15,235.15,0,0.666666666666667
"ZBJ_ART","ZBJ-Art","Coleoptera","Cleridae","Hydnocerinae",1,1,1,1,3.1,48.25,51.35,51.35,0,0
"ZBJ_ART","ZBJ-Art","Coleoptera","Coccinellidae","Coccinellinae",3,3,3,1,254.55,131.02,339.82,426.5,0,0.666666666666667
"ZBJ_ART","ZBJ-Art","Coleoptera","Coccinellidae","Epilachninae",1,1,1,1,286.75,107.35,394.1,394.1,0,0
"ZBJ_ART","ZBJ-Art","Coleoptera","Coccinellidae","Scymninae",5,5,5,1,261.25,100.4,361.65,455.378,0,0.2
"ZBJ_ART","ZBJ-Art","Coleoptera","Curculionidae","Baridinae",1,1,1,1,0,104.5,104.5,104.5,0,1
"ZBJ_ART","ZBJ-Art","Coleoptera","Curculionidae","Ceutorhynchinae",6,6,6,1,19.5,115.52,145.62,237.325,0,0.166666666666667
"ZBJ_ART","ZBJ-Art","Coleoptera","Curculionidae","Cryptorhynchinae",4,4,4,1,221.35,114.56,330.585,417.795,0,1
"ZBJ_ART","ZBJ-Art","Coleoptera","Curculionidae","Dryophthorinae",1,1,1,1,0,211.65,211.65,211.65,0,1
"ZBJ_ART","ZBJ-Art","Coleoptera","Curculionidae","Entiminae",6,6,6,1,12.8,97.2,130.66,241.77,0,0.5
"ZBJ_ART","ZBJ-Art","Coleoptera","Curculionidae","Molytinae",3,3,3,1,19.62,130.5,181.55,191.95,0,0.333333333333333
"ZBJ_ART","ZBJ-Art","Coleoptera","Curculionidae","Scolytinae",14,14,13,0.928571428571429,53.4,65.175,145.9,320.24,0,0.538461538461538
"ZBJ_ART","ZBJ-Art","Coleoptera","Dermestidae","Megatominae",1,1,1,1,497.7,29.9,527.6,527.6,0,1
"ZBJ_ART","ZBJ-Art","Coleoptera","Dytiscidae","Agabinae",1,1,1,1,3.1,7.85,10.95,10.95,0,0
"ZBJ_ART","ZBJ-Art","Coleoptera","Dytiscidae","Dytiscinae",2,2,1,0.5,53.3,5.375,64.05,64.05,0,0
"ZBJ_ART","ZBJ-Art","Coleoptera","Dytiscidae","Hydroporinae",9,9,5,0.555555555555556,301.8,91,386.7,531.608,0,0.6
"ZBJ_ART","ZBJ-Art","Coleoptera","Dytiscidae","Lancetinae",2,2,0,0,,10.75,,,,
"ZBJ_ART","ZBJ-Art","Coleoptera","Elateridae","Agrypninae",1,1,1,1,492.45,144.9,637.35,637.35,0,1
"ZBJ_ART","ZBJ-Art","Coleoptera","Elateridae","Denticollinae",1,1,1,1,450.19,37.05,487.24,487.24,0,1
"ZBJ_ART","ZBJ-Art","Coleoptera","Elateridae","Elaterinae",1,1,1,1,83.85,92.05,175.9,175.9,0,0
"ZBJ_ART","ZBJ-Art","Coleoptera","Elateridae","Melanotinae",1,1,1,1,92.75,0,92.75,92.75,0,0
"ZBJ_ART","ZBJ-Art","Coleoptera","Hydraenidae","Ochthebiinae",6,6,0,0,,140.975,,,,
"ZBJ_ART","ZBJ-Art","Coleoptera","Hydrophilidae","Sphaeridiinae",1,1,1,1,156.65,176.25,332.9,332.9,0,1
"ZBJ_ART","ZBJ-Art","Coleoptera","Lampyridae","Lampyrinae",6,6,6,1,16.875,34.585,64.88,156.725,0,0.166666666666667
"ZBJ_ART","ZBJ-Art","Coleoptera","Lampyridae","Luciolinae",4,4,4,1,27.825,48.25,79.3,127.73,0,0.25
"ZBJ_ART","ZBJ-Art","Coleoptera","Lucanidae","Aesalinae",1,1,1,1,280.87,91.85,372.72,372.72,0,0
"ZBJ_ART","ZBJ-Art","Coleoptera","Lucanidae","Lucaninae",4,4,4,1,459.37,120.275,564.015,830.687,0,1
"ZBJ_ART","ZBJ-Art","Coleoptera","Lycidae","Lycinae",1,1,1,1,77.9,57.15,135.05,135.05,0,0
"ZBJ_ART","ZBJ-Art","Coleoptera","Lymexylidae","Atractocerinae",3,1,3,1,163.35,109.5,272.85,275.69,0,1
"ZBJ_ART","ZBJ-Art","Coleoptera","Lymexylidae","Lymexylinae",1,1,1,1,22.72,206.35,229.07,229.07,0,1
"ZBJ_ART","ZBJ-Art","Coleoptera","Lymexylidae","Melittommatinae",2,2,2,1,163.495,136.4,299.895,335.659,0,1
"ZBJ_ART","ZBJ-Art","Coleoptera","Meloidae","Meloinae",5,5,5,1,179.75,263.87,443.62,569.224,0,1
"ZBJ_ART","ZBJ-Art","Coleoptera","Melyridae","Malachiinae",3,3,3,1,3.55,6.95,203.25,234.802,0,0.666666666666667
"ZBJ_ART","ZBJ-Art","Coleoptera","Nitidulidae","Carpophilinae",2,2,2,1,81.215,78.175,159.39,187.63,0,0.5
"ZBJ_ART","ZBJ-Art","Coleoptera","Nitidulidae","Cryptarchinae",1,1,1,1,163.19,218.1,381.29,381.29,0,1
"ZBJ_ART","ZBJ-Art","Coleoptera","Nitidulidae","Meligethinae",4,4,4,1,26.825,107.6,130.725,259.905,0,0.75
"ZBJ_ART","ZBJ-Art","Coleoptera","Nitidulidae","Nitidulinae",2,2,2,1,55.56,197.2,252.76,254.448,0,1
"ZBJ_ART","ZBJ-Art","Coleoptera","Ptinidae","Ernobiinae",1,1,0,0,,300.3,,,,
"ZBJ_ART","ZBJ-Art","Coleoptera","Scarabaeidae","Cetoniinae",2,2,2,1,342.41,222.35,564.76,582.488,0,1
"ZBJ_ART","ZBJ-Art","Coleoptera","Scarabaeidae","Dynastinae",4,4,4,1,397.55,160.4,519.15,666.45,0,0.75
"ZBJ_ART","ZBJ-Art","Coleoptera","Scarabaeidae","Melolonthinae",3,3,3,1,502.3,43.5,571.1,639.82,0,0.333333333333333
"ZBJ_ART","ZBJ-Art","Coleoptera","Scarabaeidae","Rutelinae",16,7,16,1,265.55,41.85,307.4,638.9,0,0.3125
"ZBJ_ART","ZBJ-Art","Coleoptera","Scarabaeidae","Scarabaeinae",2,2,2,1,173.375,103.05,276.425,334.805,0,1
"ZBJ_ART","ZBJ-Art","Coleoptera","Silphidae","Silphinae",1,1,1,1,4.3,133.15,137.45,137.45,0,1
"ZBJ_ART","ZBJ-Art","Coleoptera","Silvanidae","Brontinae",1,1,1,1,5.6,280.95,286.55,286.55,0,1
"ZBJ_ART","ZBJ-Art","Coleoptera","Staphylinidae","Omaliinae",1,1,0,0,,18.7,,,,
"ZBJ_ART","ZBJ-Art","Coleoptera","Staphylinidae","Oxytelinae",1,1,1,1,42.02,77.35,119.37,119.37,0,0
"ZBJ_ART","ZBJ-Art","Coleoptera","Staphylinidae","Paederinae",1,1,1,1,100.3,169.8,270.1,270.1,0,1
"ZBJ_ART","ZBJ-Art","Coleoptera","Staphylinidae","Pselaphinae",1,1,1,1,64.5,0,64.5,64.5,0,0
"ZBJ_ART","ZBJ-Art","Coleoptera","Staphylinidae","Staphylininae",1,1,1,1,19.62,100.4,120.02,120.02,0,0
"ZBJ_ART","ZBJ-Art","Coleoptera","Tenebrionidae","Alleculinae",1,1,1,1,60.2,18.7,78.9,78.9,0,0
"ZBJ_ART","ZBJ-Art","Coleoptera","Tenebrionidae","Blaptinae",3,3,3,1,117.05,109.5,196.2,229.32,0,0.333333333333333
"ZBJ_ART","ZBJ-Art","Coleoptera","Tenebrionidae","Diaperinae",1,1,1,1,107.7,6.95,114.65,114.65,0,0
"ZBJ_ART","ZBJ-Art","Coleoptera","Tenebrionidae","Lagriinae",1,1,1,1,89.55,37.05,126.6,126.6,0,0
"ZBJ_ART","ZBJ-Art","Coleoptera","Tenebrionidae","Pimeliinae",2,2,2,1,168.625,56.225,224.85,329.01,0,0.5
"ZBJ_ART","ZBJ-Art","Coleoptera","Tenebrionidae","Stenochiinae",1,1,1,1,77.9,30.1,108,108,0,0
"ZBJ_ART","ZBJ-Art","Coleoptera","Tenebrionidae","Tenebrioninae",4,2,4,1,52.1,30.1,82.2,204.21,0,0.25
"ZBJ_ART","ZBJ-Art","Coleoptera","Tetratomidae","Penthinae",1,1,1,1,84.9,199.9,284.8,284.8,0,1
"ZBJ_ART","ZBJ-Art","Coleoptera","Tetratomidae","Tetratominae",1,1,1,1,108.75,176.75,285.5,285.5,0,1
"ZBJ_ART","ZBJ-Art","Collembola","Dicyrtomidae","Dicyrtominae",2,2,2,1,205.475,109.025,314.5,366.22,0,1
"ZBJ_ART","ZBJ-Art","Collembola","Entomobryidae","Entomobryinae",3,3,3,1,108.9,130.3,239.2,334.24,0,0.333333333333333
"ZBJ_ART","ZBJ-Art","Collembola","Entomobryidae","Heteromurinae",1,1,1,1,282,312.05,594.05,594.05,0,1
"ZBJ_ART","ZBJ-Art","Collembola","Entomobryidae","Lepidocyrtinae",2,2,2,1,223.025,290.36,513.385,549.717,0,1
"ZBJ_ART","ZBJ-Art","Collembola","Entomobryidae","Seirinae",5,4,5,1,78.65,107.35,183.3,238.5,0,0.2
"ZBJ_ART","ZBJ-Art","Collembola","Isotomidae","Anurophorinae",3,2,3,1,138.59,153.6,231,364.64,0,0.666666666666667
"ZBJ_ART","ZBJ-Art","Collembola","Isotomidae","Isotominae",5,5,5,1,150.2,95.65,207.8,405.118,0,0.8
"ZBJ_ART","ZBJ-Art","Collembola","Isotomidae","Proisotominae",5,3,5,1,94.05,142.05,258.65,420.582,0,0.8
"ZBJ_ART","ZBJ-Art","Collembola","Neanuridae","Frieseinae",3,3,3,1,297.5,187.15,461.55,508.51,0,1
"ZBJ_ART","ZBJ-Art","Collembola","Neanuridae","Neanurinae",5,4,5,1,268.75,218.05,464.77,829.968,0,1
"ZBJ_ART","ZBJ-Art","Collembola","Neanuridae","Pseudachorutinae",3,3,3,1,245.9,121.45,392.44,455.888,0,1
"ZBJ_ART","ZBJ-Art","Collembola","Neanuridae","Uchidanurinae",1,1,1,1,109.34,103.05,212.39,212.39,0,1
"ZBJ_ART","ZBJ-Art","Collembola","Onychiuridae","Onychiurinae",3,3,3,1,378.1,100.4,478.5,760.46,0,0.666666666666667
"ZBJ_ART","ZBJ-Art","Collembola","Onychiuridae","Tetrodontophorinae",1,1,1,1,467.7,10.75,478.45,478.45,0,1
"ZBJ_ART","ZBJ-Art","Collembola","Orchesellidae","Orchesellinae",3,3,3,1,170.6,203,373.6,485.56,0,0.666666666666667
"ZBJ_ART","ZBJ-Art","Collembola","Tullbergiidae","Tullbergiinae",2,2,2,1,676.04,175.125,851.165,1064.065,0,1
"ZBJ_ART","ZBJ-Art","Hymenoptera","Andrenidae","Andreninae",1,1,1,1,609.95,59.05,669,669,0,1
"ZBJ_ART","ZBJ-Art","Hymenoptera","Apidae","Apinae",67,13,67,1,831.34,62.2,893.54,909.91,0,1
"ZBJ_ART","ZBJ-Art","Hymenoptera","Bethylidae","Scleroderminae",1,1,1,1,111.9,51.3,163.2,163.2,0,1
"ZBJ_ART","ZBJ-Art","Hymenoptera","Braconidae","Aphidiinae",1,1,1,1,6.95,5.1,12.05,12.05,0,0
"ZBJ_ART","ZBJ-Art","Hymenoptera","Braconidae","Braconinae",1,1,1,1,249.75,180,429.75,429.75,0,1
"ZBJ_ART","ZBJ-Art","Hymenoptera","Braconidae","Cheloninae",1,1,1,1,29.35,270.2,299.55,299.55,0,1
"ZBJ_ART","ZBJ-Art","Hymenoptera","Braconidae","Doryctinae",1,1,1,1,400.7,105.5,506.2,506.2,0,0
"ZBJ_ART","ZBJ-Art","Hymenoptera","Braconidae","Meteorinae",1,1,1,1,269.1,176.25,445.35,445.35,0,1
"ZBJ_ART","ZBJ-Art","Hymenoptera","Braconidae","Microgastrinae",3,3,3,1,107.35,174.9,282.25,282.25,0,1
"ZBJ_ART","ZBJ-Art","Hymenoptera","Braconidae","Opiinae",1,1,1,1,272.2,50.2,322.4,322.4,0,0
"ZBJ_ART","ZBJ-Art","Hymenoptera","Chalcididae","Haltichellinae",1,1,1,1,39.7,338.22,377.92,377.92,0,1
"ZBJ_ART","ZBJ-Art","Hymenoptera","Colletidae","Colletinae",1,1,1,1,517.35,174.9,692.25,692.25,0,1
"ZBJ_ART","ZBJ-Art","Hymenoptera","Crabronidae","Philanthinae",1,1,1,1,308.35,66.05,374.4,374.4,0,1
"ZBJ_ART","ZBJ-Art","Hymenoptera","Cynipidae","Cynipinae",7,7,7,1,129.75,79.8,227.55,710.9,0,0.428571428571429
"ZBJ_ART","ZBJ-Art","Hymenoptera","Diprionidae","Diprioninae",4,4,4,1,262.225,78.15,362.075,434.69,0,0.25
"ZBJ_ART","ZBJ-Art","Hymenoptera","Encyrtidae","Encyrtinae",6,6,6,1,46.85,213.71,265.9,322.22,0,0.833333333333333
"ZBJ_ART","ZBJ-Art","Hymenoptera","Encyrtidae","Tetracneminae",1,1,1,1,231.45,104.5,335.95,335.95,0,0
"ZBJ_ART","ZBJ-Art","Hymenoptera","Eulophidae","Tetrastichinae",1,1,1,1,42.15,224.1,266.25,266.25,0,1
"ZBJ_ART","ZBJ-Art","Hymenoptera","Eupelmidae","Eupelminae",1,1,1,1,10.15,191.42,201.57,201.57,0,1
"ZBJ_ART","ZBJ-Art","Hymenoptera","Eurytomidae","Eurytominae",1,1,1,1,84.05,72.1,156.15,156.15,0,0
"ZBJ_ART","ZBJ-Art","Hymenoptera","Figitidae","Eucoilinae",1,1,1,1,179.85,223.42,403.27,403.27,0,0
"ZBJ_ART","ZBJ-Art","Hymenoptera","Formicidae","Dolichoderinae",4,3,4,1,526.075,166.82,692.895,826.494,0,1
"ZBJ_ART","ZBJ-Art","Hymenoptera","Formicidae","Formicinae",6,4,6,1,659.5,125.525,835.5,983.95,0,1
"ZBJ_ART","ZBJ-Art","Hymenoptera","Formicidae","Myrmicinae",14,14,14,1,696.275,132.1,844.07,1029.526,0,1
"ZBJ_ART","ZBJ-Art","Hymenoptera","Formicidae","Paraponerinae",1,1,1,1,799,147.3,946.3,946.3,0,1
"ZBJ_ART","ZBJ-Art","Hymenoptera","Formicidae","Ponerinae",2,2,2,1,745.675,164.9,910.575,966.955,0,1
"ZBJ_ART","ZBJ-Art","Hymenoptera","Formicidae","Pseudomyrmecinae",2,2,2,1,748.665,123.5,872.165,877.193,0,1
"ZBJ_ART","ZBJ-Art","Hymenoptera","Ichneumonidae","Agriotypinae",1,1,1,1,59.45,111.95,171.4,171.4,0,0
"ZBJ_ART","ZBJ-Art","Hymenoptera","Ichneumonidae","Pimplinae",1,1,1,1,83.5,169.8,253.3,253.3,0,1
"ZBJ_ART","ZBJ-Art","Hymenoptera","Megachilidae","Megachilinae",1,1,1,1,638.65,119.6,758.25,758.25,0,1
"ZBJ_ART","ZBJ-Art","Hymenoptera","Pamphiliidae","Cephalciinae",1,1,0,0,,273.07,,,,
"ZBJ_ART","ZBJ-Art","Hymenoptera","Pteromalidae","Pteromalinae",2,1,2,1,77.8,52.425,130.225,132.805,0,0
"ZBJ_ART","ZBJ-Art","Hymenoptera","Scelionidae","Telenominae",1,1,1,1,453.8,18.15,471.95,471.95,0,0
"ZBJ_ART","ZBJ-Art","Hymenoptera","Tenthredinidae","Allantinae",4,4,4,1,27.475,45.025,60.35,119.55,0,0.25
"ZBJ_ART","ZBJ-Art","Hymenoptera","Tenthredinidae","Heterarthrinae",4,4,4,1,43.125,80.4,116,157.57,0,0.25
"ZBJ_ART","ZBJ-Art","Hymenoptera","Tenthredinidae","Hoplocampinae",1,1,0,0,,0,,,,
"ZBJ_ART","ZBJ-Art","Hymenoptera","Tenthredinidae","Nematinae",3,3,2,0.666666666666667,182.975,48.25,209.65,227.41,0,0.5
"ZBJ_ART","ZBJ-Art","Hymenoptera","Tenthredinidae","Selandriinae",4,3,4,1,86.36,8.325,101.81,170.32,0,0
"ZBJ_ART","ZBJ-Art","Hymenoptera","Tenthredinidae","Tenthredininae",6,6,5,0.833333333333333,42.2,0,42.2,201.48,0,0.2
"ZBJ_ART","ZBJ-Art","Hymenoptera","Vespidae","Eumeninae",1,1,1,1,220.85,70.9,291.75,291.75,0,0
"ZBJ_ART","ZBJ-Art","Hymenoptera","Vespidae","Polistinae",5,5,5,1,54.5,105.5,135.6,263.37,0,0.4
"ZBJ_ART","ZBJ-Art","Hymenoptera","Vespidae","Stenogastrinae",1,1,1,1,77.9,174.9,252.8,252.8,0,1
"ZBJ_ART","ZBJ-Art","Hymenoptera","Vespidae","Vespinae",6,5,6,1,510.2,74.75,609.7,666.4,0,1
"ZBJ_ART","ZBJ-Art","Lepidoptera","Bombycidae","Bombycinae",66,3,66,1,0,0,0,0,0.984848484848485,0
"ZBJ_ART","ZBJ-Art","Lepidoptera","Cosmopterigidae","Antequerinae",1,1,1,1,0,0,0,0,1,0
"ZBJ_ART","ZBJ-Art","Lepidoptera","Cossidae","Zeuzerinae",1,1,1,1,0,0,0,0,1,0
"ZBJ_ART","ZBJ-Art","Lepidoptera","Crambidae","Crambinae",1,1,1,1,0,0,0,0,1,0
"ZBJ_ART","ZBJ-Art","Lepidoptera","Crambidae","Pyraustinae",3,3,3,1,0,6.95,25.95,141.03,0,0.333333333333333
"ZBJ_ART","ZBJ-Art","Lepidoptera","Crambidae","Spilomelinae",5,5,5,1,22.4,5.1,27.5,46.48,0,0
"ZBJ_ART","ZBJ-Art","Lepidoptera","Erebidae","Aganainae",1,1,1,1,0,0,0,0,1,0
"ZBJ_ART","ZBJ-Art","Lepidoptera","Erebidae","Calpinae",2,2,2,1,10.775,26.675,37.45,63.33,0,0
"ZBJ_ART","ZBJ-Art","Lepidoptera","Erebidae","Erebinae",4,4,4,1,9.225,152.45,161.675,211.49,0,0.75
"ZBJ_ART","ZBJ-Art","Lepidoptera","Erebidae","Scoliopteryginae",1,1,1,1,0,6.45,6.45,6.45,0,0
"ZBJ_ART","ZBJ-Art","Lepidoptera","Gelechiidae","Apatetrinae",1,1,1,1,18.45,0,18.45,18.45,0,0
"ZBJ_ART","ZBJ-Art","Lepidoptera","Gelechiidae","Aristoteliinae",1,1,1,1,19.62,11.75,31.37,31.37,0,0
"ZBJ_ART","ZBJ-Art","Lepidoptera","Gelechiidae","Gelechiinae",2,2,2,1,0,0,0,0,1,0
"ZBJ_ART","ZBJ-Art","Lepidoptera","Geometridae","Ennominae",4,4,4,1,10.775,15.05,80.3,181.775,0,0.25
"ZBJ_ART","ZBJ-Art","Lepidoptera","Hesperiidae","Coeliadinae",1,1,1,1,3.55,0,3.55,3.55,0,0
"ZBJ_ART","ZBJ-Art","Lepidoptera","Hesperiidae","Hesperiinae",2,2,2,1,0,10.7,10.7,19.26,0.5,0
"ZBJ_ART","ZBJ-Art","Lepidoptera","Hesperiidae","Pyrginae",1,1,1,1,0,6.95,6.95,6.95,0,0
"ZBJ_ART","ZBJ-Art","Lepidoptera","Hesperiidae","Tagiadinae",4,4,4,1,2.15,18.15,29.5,38.65,0,0
"ZBJ_ART","ZBJ-Art","Lepidoptera","Lasiocampidae","Lasiocampinae",1,1,1,1,3.55,0,3.55,3.55,0,0
"ZBJ_ART","ZBJ-Art","Lepidoptera","Lycaenidae","Polyommatinae",1,1,1,1,0,0,0,0,1,0
"ZBJ_ART","ZBJ-Art","Lepidoptera","Lycaenidae","Theclinae",2,2,2,1,0,50.2,50.2,90.36,0.5,0
"ZBJ_ART","ZBJ-Art","Lepidoptera","Noctuidae","Acronictinae",2,2,2,1,24.875,20.725,45.6,49.64,0,0
"ZBJ_ART","ZBJ-Art","Lepidoptera","Noctuidae","Agaristinae",1,1,1,1,22.4,11.55,33.95,33.95,0,0
"ZBJ_ART","ZBJ-Art","Lepidoptera","Noctuidae","Amphipyrinae",39,1,39,1,0,18.15,18.15,18.15,0,0.0256410256410256
"ZBJ_ART","ZBJ-Art","Lepidoptera","Noctuidae","Heliothinae",1,1,1,1,0,187.95,187.95,187.95,0,1
"ZBJ_ART","ZBJ-Art","Lepidoptera","Noctuidae","Noctuinae",5,4,5,1,0,18.15,18.15,48.45,0.4,0
"ZBJ_ART","ZBJ-Art","Lepidoptera","Noctuidae","Plusiinae",1,1,1,1,22.4,0,22.4,22.4,0,0
"ZBJ_ART","ZBJ-Art","Lepidoptera","Notodontidae","Notodontinae",1,1,1,1,0,12.05,12.05,12.05,0,0
"ZBJ_ART","ZBJ-Art","Lepidoptera","Notodontidae","Pygaerinae",1,1,1,1,0,0,0,0,1,0
"ZBJ_ART","ZBJ-Art","Lepidoptera","Nymphalidae","Apaturinae",2,2,2,1,32.21,112.425,144.635,202.263,0,0.5
"ZBJ_ART","ZBJ-Art","Lepidoptera","Nymphalidae","Calinaginae",1,1,1,1,0,5.1,5.1,5.1,0,0
"ZBJ_ART","ZBJ-Art","Lepidoptera","Nymphalidae","Charaxinae",2,2,2,1,0,103.425,103.425,162.085,0,0.5
"ZBJ_ART","ZBJ-Art","Lepidoptera","Nymphalidae","Heliconiinae",3,3,3,1,8.9,6.95,15.85,40.45,0,0
"ZBJ_ART","ZBJ-Art","Lepidoptera","Nymphalidae","Limenitidinae",6,6,6,1,3.1,2.55,4.1,27.75,0.166666666666667,0
"ZBJ_ART","ZBJ-Art","Lepidoptera","Nymphalidae","Nymphalinae",5,4,5,1,22.4,5.1,27.5,53.088,0,0
"ZBJ_ART","ZBJ-Art","Lepidoptera","Nymphalidae","Satyrinae",8,8,8,1,0,33.125,33.125,108.39,0.125,0.125
"ZBJ_ART","ZBJ-Art","Lepidoptera","Papilionidae","Papilioninae",5,5,5,1,3.1,5.1,14.65,26.04,0,0
"ZBJ_ART","ZBJ-Art","Lepidoptera","Papilionidae","Parnassiinae",6,6,6,1,0,5.1,17.225,75.3,0.166666666666667,0
"ZBJ_ART","ZBJ-Art","Lepidoptera","Pieridae","Coliadinae",1,1,1,1,0,18.5,18.5,18.5,0,0
"ZBJ_ART","ZBJ-Art","Lepidoptera","Pieridae","Pierinae",7,4,7,1,50.2,5.1,53.82,108.702,0,0.142857142857143
"ZBJ_ART","ZBJ-Art","Lepidoptera","Psychidae","Oiketicinae",1,1,1,1,169.8,47.8,217.6,217.6,0,1
"ZBJ_ART","ZBJ-Art","Lepidoptera","Pyralidae","Phycitinae",2,2,2,1,32.21,25.1,57.31,69.542,0,0
"ZBJ_ART","ZBJ-Art","Lepidoptera","Saturniidae","Bunaeinae",1,1,1,1,18.45,106.85,125.3,125.3,0,0
"ZBJ_ART","ZBJ-Art","Lepidoptera","Saturniidae","Saturniinae",2,2,2,1,20.425,6.45,26.875,28.455,0,0
"ZBJ_ART","ZBJ-Art","Lepidoptera","Sphingidae","Macroglossinae",2,2,2,1,0,11.9,11.9,21.42,0.5,0
"ZBJ_ART","ZBJ-Art","Lepidoptera","Sphingidae","Smerinthinae",4,4,4,1,0,11.65,11.65,66.42,0.5,0.25
"ZBJ_ART","ZBJ-Art","Lepidoptera","Sphingidae","Sphinginae",1,1,1,1,0,84.9,84.9,84.9,0,1
"ZBJ_ART","ZBJ-Art","Lepidoptera","Tortricidae","Olethreutinae",10,4,10,1,3.1,0,3.1,4.275,0.3,0
"ZBJ_ART","ZBJ-Art","Lepidoptera","Tortricidae","Tortricinae",3,3,3,1,122.8,0,122.8,304.64,0.333333333333333,0.333333333333333
"ZBJ_ART","ZBJ-Art","Lepidoptera","Zygaenidae","Chalcosiinae",2,2,2,1,15.65,3.225,18.875,28.815,0,0
"ZBJ_ART_DEG","ZBJ-Art degenerate","Acari","Acaridae","Rhizoglyphinae",1,1,1,1,38.02,56.9,94.92,94.92,0,0
"ZBJ_ART_DEG","ZBJ-Art degenerate","Acari","Argasidae","Argasinae",8,5,8,1,78,3.225,78,282.185,0,0.25
"ZBJ_ART_DEG","ZBJ-Art degenerate","Acari","Argasidae","Ornithodorinae",30,19,30,1,108.05,15.85,123.9,293.275,0,0.233333333333333
"ZBJ_ART_DEG","ZBJ-Art degenerate","Acari","Eriophyidae","Eriophyinae",1,1,1,1,0,21.75,21.75,21.75,0,0
"ZBJ_ART_DEG","ZBJ-Art degenerate","Acari","Eriophyidae","Phyllocoptinae",2,2,2,1,139.67,15.55,155.22,208.42,0,0
"ZBJ_ART_DEG","ZBJ-Art degenerate","Acari","Ixodidae","Amblyomminae",33,17,32,0.96969696969697,78,0,84.45,153.835,0,0.03125
"ZBJ_ART_DEG","ZBJ-Art degenerate","Acari","Ixodidae","Haemaphysalinae",55,13,55,1,78,10.75,88.75,89.2,0,0
"ZBJ_ART_DEG","ZBJ-Art degenerate","Acari","Ixodidae","Hyalomminae",2,2,2,1,78,120.035,198.035,260.487,0,0.5
"ZBJ_ART_DEG","ZBJ-Art degenerate","Acari","Ixodidae","Ixodinae",24,18,24,1,78,5.6,83.6,181.567,0,0
"ZBJ_ART_DEG","ZBJ-Art degenerate","Acari","Ixodidae","Rhipicephalinae",43,15,43,1,86.4,11.2,110.85,116.87,0,0
"ZBJ_ART_DEG","ZBJ-Art degenerate","Acari","Parasitidae","Parasitinae",1,1,0,0,,25.5,,,,
"ZBJ_ART_DEG","ZBJ-Art degenerate","Acari","Phytoseiidae","Amblyseiinae",2,2,2,1,493.61,18.825,512.435,515.183,0,1
"ZBJ_ART_DEG","ZBJ-Art degenerate","Acari","Phytoseiidae","Typhlodrominae",1,1,1,1,1780.8,10.75,1791.55,1791.55,0,1
"ZBJ_ART_DEG","ZBJ-Art degenerate","Acari","Pyroglyphidae","Dermatophagoidinae",1,1,1,1,20.4,29.85,50.25,50.25,0,0
"ZBJ_ART_DEG","ZBJ-Art degenerate","Acari","Sarcoptidae","Sarcoptinae",2,1,2,1,20.4,17.8,38.2,38.2,0,0
"ZBJ_ART_DEG","ZBJ-Art degenerate","Acari","Unionicolidae","Pionatacinae",1,1,1,1,250.64,0,250.64,250.64,0,0
"ZBJ_ART_DEG","ZBJ-Art degenerate","Coleoptera","Attelabidae","Rhynchitinae",1,1,1,1,0,6.45,6.45,6.45,0,0
"ZBJ_ART_DEG","ZBJ-Art degenerate","Coleoptera","Brentidae","Cyladinae",4,1,4,1,169.8,27.67,197.47,197.47,0,1
"ZBJ_ART_DEG","ZBJ-Art degenerate","Coleoptera","Buprestidae","Buprestinae",1,1,1,1,0,19.05,19.05,19.05,0,0
"ZBJ_ART_DEG","ZBJ-Art degenerate","Coleoptera","Buprestidae","Chrysochroinae",1,1,1,1,0,11.2,11.2,11.2,0,0
"ZBJ_ART_DEG","ZBJ-Art degenerate","Coleoptera","Cantharidae","Cantharinae",3,3,3,1,0,0,0,8.6,0.666666666666667,0
"ZBJ_ART_DEG","ZBJ-Art degenerate","Coleoptera","Carabidae","Carabinae",1,1,1,1,0,0,0,0,1,0
"ZBJ_ART_DEG","ZBJ-Art degenerate","Coleoptera","Carabidae","Elaphrinae",1,1,1,1,0,0,0,0,1,0
"ZBJ_ART_DEG","ZBJ-Art degenerate","Coleoptera","Carabidae","Harpalinae",3,3,3,1,0,0,11.2,16.336,0.333333333333333,0
"ZBJ_ART_DEG","ZBJ-Art degenerate","Coleoptera","Carabidae","Rhysodinae",1,1,1,1,169.8,0,169.8,169.8,0,1
"ZBJ_ART_DEG","ZBJ-Art degenerate","Coleoptera","Carabidae","Scaritinae",1,1,1,1,0,0,0,0,1,0
"ZBJ_ART_DEG","ZBJ-Art degenerate","Coleoptera","Carabidae","Trechinae",2,1,2,1,0,0,0,0,1,0
"ZBJ_ART_DEG","ZBJ-Art degenerate","Coleoptera","Cerambycidae","Cerambycinae",5,5,5,1,0,11.2,11.2,33.73,0,0
"ZBJ_ART_DEG","ZBJ-Art degenerate","Coleoptera","Cerambycidae","Disteniinae",1,1,1,1,100.69,10.75,111.44,111.44,0,0
"ZBJ_ART_DEG","ZBJ-Art degenerate","Coleoptera","Cerambycidae","Lamiinae",5,5,5,1,0,0,6.45,32.544,0.4,0
"ZBJ_ART_DEG","ZBJ-Art degenerate","Coleoptera","Cerambycidae","Lepturinae",3,3,3,1,14,0,83.07,194.894,0.333333333333333,0.333333333333333
"ZBJ_ART_DEG","ZBJ-Art degenerate","Coleoptera","Cerambycidae","Prioninae",2,2,2,1,30.1,23.06,53.16,58.792,0,0
"ZBJ_ART_DEG","ZBJ-Art degenerate","Coleoptera","Chrysomelidae","Bruchinae",1,1,1,1,0,11.2,11.2,11.2,0,0
"ZBJ_ART_DEG","ZBJ-Art degenerate","Coleoptera","Chrysomelidae","Cassidinae",5,5,4,0.8,0,0,3.225,9.46,0.5,0
"ZBJ_ART_DEG","ZBJ-Art degenerate","Coleoptera","Chrysomelidae","Cryptocephalinae",1,1,1,1,17.62,0,17.62,17.62,0,0
"ZBJ_ART_DEG","ZBJ-Art degenerate","Coleoptera","Chrysomelidae","Donaciinae",1,1,1,1,0,11.2,11.2,11.2,0,0
"ZBJ_ART_DEG","ZBJ-Art degenerate","Coleoptera","Chrysomelidae","Eumolpinae",3,3,3,1,0,0,17.65,18.186,0.333333333333333,0
"ZBJ_ART_DEG","ZBJ-Art degenerate","Coleoptera","Chrysomelidae","Galerucinae",6,6,6,1,0,8.825,8.825,81.625,0.333333333333333,0
"ZBJ_ART_DEG","ZBJ-Art degenerate","Coleoptera","Chrysomelidae","Lamprosomatinae",1,1,1,1,26.2,14.3,40.5,40.5,0,0
"ZBJ_ART_DEG","ZBJ-Art degenerate","Coleoptera","Chrysomelidae","Spilopyrinae",1,1,1,1,173,6.45,179.45,179.45,0,1
"ZBJ_ART_DEG","ZBJ-Art degenerate","Coleoptera","Cleridae","Clerinae",3,3,3,1,0,6.45,6.45,8.01,0,0
"ZBJ_ART_DEG","ZBJ-Art degenerate","Coleoptera","Cleridae","Hydnocerinae",1,1,1,1,0,11.2,11.2,11.2,0,0
"ZBJ_ART_DEG","ZBJ-Art degenerate","Coleoptera","Coccinellidae","Coccinellinae",3,3,3,1,17.62,46.12,46.12,60.216,0,0
"ZBJ_ART_DEG","ZBJ-Art degenerate","Coleoptera","Coccinellidae","Epilachninae",1,1,1,1,0,0,0,0,1,0
"ZBJ_ART_DEG","ZBJ-Art degenerate","Coleoptera","Coccinellidae","Scymninae",5,5,5,1,0,17.65,53.97,121,0.2,0
"ZBJ_ART_DEG","ZBJ-Art degenerate","Coleoptera","Curculionidae","Baridinae",1,1,1,1,0,7.85,7.85,7.85,0,0
"ZBJ_ART_DEG","ZBJ-Art degenerate","Coleoptera","Curculionidae","Ceutorhynchinae",6,6,6,1,0,16.35,16.35,33.27,0.333333333333333,0
"ZBJ_ART_DEG","ZBJ-Art degenerate","Coleoptera","Curculionidae","Cryptorhynchinae",4,4,4,1,169.8,17.76,192.46,250.085,0.25,0.75
"ZBJ_ART_DEG","ZBJ-Art degenerate","Coleoptera","Curculionidae","Dryophthorinae",1,1,1,1,0,0,0,0,1,0
"ZBJ_ART_DEG","ZBJ-Art degenerate","Coleoptera","Curculionidae","Entiminae",6,6,6,1,0,6.45,8.05,28.66,0.333333333333333,0
"ZBJ_ART_DEG","ZBJ-Art degenerate","Coleoptera","Curculionidae","Molytinae",3,3,3,1,0,7.85,59.75,170.43,0,0.333333333333333
"ZBJ_ART_DEG","ZBJ-Art degenerate","Coleoptera","Curculionidae","Scolytinae",14,14,13,0.928571428571429,0,3.225,6.45,25.68,0.384615384615385,0
"ZBJ_ART_DEG","ZBJ-Art degenerate","Coleoptera","Dermestidae","Megatominae",1,1,1,1,229.55,11.2,240.75,240.75,0,1
"ZBJ_ART_DEG","ZBJ-Art degenerate","Coleoptera","Dytiscidae","Agabinae",1,1,1,1,0,7.85,7.85,7.85,0,0
"ZBJ_ART_DEG","ZBJ-Art degenerate","Coleoptera","Dytiscidae","Dytiscinae",2,2,1,0.5,0,5.375,10.75,10.75,0,0
"ZBJ_ART_DEG","ZBJ-Art degenerate","Coleoptera","Dytiscidae","Hydroporinae",9,9,5,0.555555555555556,0,0,11.2,39.162,0.4,0
"ZBJ_ART_DEG","ZBJ-Art degenerate","Coleoptera","Dytiscidae","Lancetinae",2,2,0,0,,10.75,,,,
"ZBJ_ART_DEG","ZBJ-Art degenerate","Coleoptera","Elateridae","Agrypninae",1,1,1,1,0,11.2,11.2,11.2,0,0
"ZBJ_ART_DEG","ZBJ-Art degenerate","Coleoptera","Elateridae","Denticollinae",1,1,1,1,0,0,0,0,1,0
"ZBJ_ART_DEG","ZBJ-Art degenerate","Coleoptera","Elateridae","Elaterinae",1,1,1,1,0,0,0,0,1,0
"ZBJ_ART_DEG","ZBJ-Art degenerate","Coleoptera","Elateridae","Melanotinae",1,1,1,1,0,0,0,0,1,0
"ZBJ_ART_DEG","ZBJ-Art degenerate","Coleoptera","Hydraenidae","Ochthebiinae",6,6,0,0,,0,,,,
"ZBJ_ART_DEG","ZBJ-Art degenerate","Coleoptera","Hydrophilidae","Sphaeridiinae",1,1,1,1,0,6.45,6.45,6.45,0,0
"ZBJ_ART_DEG","ZBJ-Art degenerate","Coleoptera","Lampyridae","Lampyrinae",6,6,6,1,3.2,8.825,12.025,27.485,0,0
"ZBJ_ART_DEG","ZBJ-Art degenerate","Coleoptera","Lampyridae","Luciolinae",4,4,4,1,0,11.2,11.2,15.715,0,0
"ZBJ_ART_DEG","ZBJ-Art degenerate","Coleoptera","Lucanidae","Aesalinae",1,1,1,1,0,6.45,6.45,6.45,0,0
"ZBJ_ART_DEG","ZBJ-Art degenerate","Coleoptera","Lucanidae","Lucaninae",4,4,4,1,200.65,8.825,213.4,226.574,0,0.75
"ZBJ_ART_DEG","ZBJ-Art degenerate","Coleoptera","Lycidae","Lycinae",1,1,1,1,29.38,0,29.38,29.38,0,0
"ZBJ_ART_DEG","ZBJ-Art degenerate","Coleoptera","Lymexylidae","Atractocerinae",3,1,3,1,8.4,17.65,26.05,49.554,0,0
"ZBJ_ART_DEG","ZBJ-Art degenerate","Coleoptera","Lymexylidae","Lymexylinae",1,1,1,1,0,6.45,6.45,6.45,0,0
"ZBJ_ART_DEG","ZBJ-Art degenerate","Coleoptera","Lymexylidae","Melittommatinae",2,2,2,1,18.06,12.05,30.11,34.382,0,0
"ZBJ_ART_DEG","ZBJ-Art degenerate","Coleoptera","Meloidae","Meloinae",5,5,5,1,77.82,65.17,142.99,155.98,0,0
"ZBJ_ART_DEG","ZBJ-Art degenerate","Coleoptera","Melyridae","Malachiinae",3,3,3,1,0,0,0,167.44,0.666666666666667,0.333333333333333
"ZBJ_ART_DEG","ZBJ-Art degenerate","Coleoptera","Nitidulidae","Carpophilinae",2,2,2,1,20.01,7.15,27.16,42.168,0,0
"ZBJ_ART_DEG","ZBJ-Art degenerate","Coleoptera","Nitidulidae","Cryptarchinae",1,1,1,1,14,204.55,218.55,218.55,0,1
"ZBJ_ART_DEG","ZBJ-Art degenerate","Coleoptera","Nitidulidae","Meligethinae",4,4,4,1,0,5.375,5.375,11.065,0.5,0
"ZBJ_ART_DEG","ZBJ-Art degenerate","Coleoptera","Nitidulidae","Nitidulinae",2,2,2,1,0,3.925,3.925,7.065,0.5,0
"ZBJ_ART_DEG","ZBJ-Art degenerate","Coleoptera","Ptinidae","Ernobiinae",1,1,0,0,,0,,,,
"ZBJ_ART_DEG","ZBJ-Art degenerate","Coleoptera","Scarabaeidae","Cetoniinae",2,2,2,1,9.16,68.09,77.25,109.154,0,0
"ZBJ_ART_DEG","ZBJ-Art degenerate","Coleoptera","Scarabaeidae","Dynastinae",4,4,4,1,0,5.6,72.975,191.45,0.25,0.25
"ZBJ_ART_DEG","ZBJ-Art degenerate","Coleoptera","Scarabaeidae","Melolonthinae",3,3,3,1,37.78,12.05,52.08,139.056,0,0
"ZBJ_ART_DEG","ZBJ-Art degenerate","Coleoptera","Scarabaeidae","Rutelinae",16,7,16,1,0,0,0,25.06,0.75,0
"ZBJ_ART_DEG","ZBJ-Art degenerate","Coleoptera","Scarabaeidae","Scarabaeinae",2,2,2,1,0,11.2,11.2,11.2,0,0
"ZBJ_ART_DEG","ZBJ-Art degenerate","Coleoptera","Silphidae","Silphinae",1,1,1,1,0,11.2,11.2,11.2,0,0
"ZBJ_ART_DEG","ZBJ-Art degenerate","Coleoptera","Silvanidae","Brontinae",1,1,1,1,8.4,10.75,19.15,19.15,0,0
"ZBJ_ART_DEG","ZBJ-Art degenerate","Coleoptera","Staphylinidae","Omaliinae",1,1,0,0,,0,,,,
"ZBJ_ART_DEG","ZBJ-Art degenerate","Coleoptera","Staphylinidae","Oxytelinae",1,1,1,1,14,25.5,39.5,39.5,0,0
"ZBJ_ART_DEG","ZBJ-Art degenerate","Coleoptera","Staphylinidae","Paederinae",1,1,1,1,0,0,0,0,1,0
"ZBJ_ART_DEG","ZBJ-Art degenerate","Coleoptera","Staphylinidae","Pselaphinae",1,1,1,1,60.2,0,60.2,60.2,0,0
"ZBJ_ART_DEG","ZBJ-Art degenerate","Coleoptera","Staphylinidae","Staphylininae",1,1,1,1,0,0,0,0,1,0
"ZBJ_ART_DEG","ZBJ-Art degenerate","Coleoptera","Tenebrionidae","Alleculinae",1,1,1,1,0,0,0,0,1,0
"ZBJ_ART_DEG","ZBJ-Art degenerate","Coleoptera","Tenebrionidae","Blaptinae",3,3,3,1,0,17.65,17.65,111.354,0,0
"ZBJ_ART_DEG","ZBJ-Art degenerate","Coleoptera","Tenebrionidae","Diaperinae",1,1,1,1,0,0,0,0,1,0
"ZBJ_ART_DEG","ZBJ-Art degenerate","Coleoptera","Tenebrionidae","Lagriinae",1,1,1,1,0,0,0,0,1,0
"ZBJ_ART_DEG","ZBJ-Art degenerate","Coleoptera","Tenebrionidae","Pimeliinae",2,2,2,1,84.9,0,84.9,152.82,0.5,0.5
"ZBJ_ART_DEG","ZBJ-Art degenerate","Coleoptera","Tenebrionidae","Stenochiinae",1,1,1,1,0,0,0,0,1,0
"ZBJ_ART_DEG","ZBJ-Art degenerate","Coleoptera","Tenebrionidae","Tenebrioninae",4,2,4,1,0,0,0,102.557,0.75,0
"ZBJ_ART_DEG","ZBJ-Art degenerate","Coleoptera","Tetratomidae","Penthinae",1,1,1,1,0,0,0,0,1,0
"ZBJ_ART_DEG","ZBJ-Art degenerate","Coleoptera","Tetratomidae","Tetratominae",1,1,1,1,29.38,0,29.38,29.38,0,0
"ZBJ_ART_DEG","ZBJ-Art degenerate","Collembola","Dicyrtomidae","Dicyrtominae",2,2,2,1,103.875,5.6,109.475,110.575,0,0
"ZBJ_ART_DEG","ZBJ-Art degenerate","Collembola","Entomobryidae","Entomobryinae",3,3,3,1,74.2,11.2,85.4,190.384,0,0
"ZBJ_ART_DEG","ZBJ-Art degenerate","Collembola","Entomobryidae","Heteromurinae",1,1,1,1,304.34,117.13,421.47,421.47,0,0
"ZBJ_ART_DEG","ZBJ-Art degenerate","Collembola","Entomobryidae","Lepidocyrtinae",2,2,2,1,75.225,129.26,204.485,297.433,0,0.5
"ZBJ_ART_DEG","ZBJ-Art degenerate","Collembola","Entomobryidae","Seirinae",5,4,5,1,60.2,0,60.2,137.768,0,0
"ZBJ_ART_DEG","ZBJ-Art degenerate","Collembola","Isotomidae","Anurophorinae",3,2,3,1,78,11.2,89.2,97.44,0,0
"ZBJ_ART_DEG","ZBJ-Art degenerate","Collembola","Isotomidae","Isotominae",5,5,5,1,78,7.85,85.85,205.51,0,0
"ZBJ_ART_DEG","ZBJ-Art degenerate","Collembola","Isotomidae","Proisotominae",5,3,5,1,95.62,6.45,95.62,156.212,0,0
"ZBJ_ART_DEG","ZBJ-Art degenerate","Collembola","Neanuridae","Frieseinae",3,3,3,1,95.4,6.45,101.85,125.386,0,0
"ZBJ_ART_DEG","ZBJ-Art degenerate","Collembola","Neanuridae","Neanurinae",5,4,5,1,0,11.2,11.2,328.486,0.4,0.4
"ZBJ_ART_DEG","ZBJ-Art degenerate","Collembola","Neanuridae","Pseudachorutinae",3,3,3,1,42.6,6.45,49.05,204.57,0,0
"ZBJ_ART_DEG","ZBJ-Art degenerate","Collembola","Neanuridae","Uchidanurinae",1,1,1,1,72.24,11.2,83.44,83.44,0,0
"ZBJ_ART_DEG","ZBJ-Art degenerate","Collembola","Onychiuridae","Onychiurinae",3,3,3,1,209.25,0,209.25,274.61,0,0.666666666666667
"ZBJ_ART_DEG","ZBJ-Art degenerate","Collembola","Onychiuridae","Tetrodontophorinae",1,1,1,1,307.55,10.75,318.3,318.3,0,1
"ZBJ_ART_DEG","ZBJ-Art degenerate","Collembola","Orchesellidae","Orchesellinae",3,3,3,1,90.3,0,92,99.24,0,0
"ZBJ_ART_DEG","ZBJ-Art degenerate","Collembola","Tullbergiidae","Tullbergiinae",2,2,2,1,469.87,74.19,544.06,733.268,0,1
"ZBJ_ART_DEG","ZBJ-Art degenerate","Hymenoptera","Andrenidae","Andreninae",1,1,1,1,494.95,15.85,510.8,510.8,0,1
"ZBJ_ART_DEG","ZBJ-Art degenerate","Hymenoptera","Apidae","Apinae",67,13,67,1,793.82,19.05,812.87,812.87,0,1
"ZBJ_ART_DEG","ZBJ-Art degenerate","Hymenoptera","Bethylidae","Scleroderminae",1,1,1,1,108.35,11.2,119.55,119.55,0,1
"ZBJ_ART_DEG","ZBJ-Art degenerate","Hymenoptera","Braconidae","Aphidiinae",1,1,1,1,6.95,0,6.95,6.95,0,0
"ZBJ_ART_DEG","ZBJ-Art degenerate","Hymenoptera","Braconidae","Braconinae",1,1,1,1,6.95,10.2,17.15,17.15,0,0
"ZBJ_ART_DEG","ZBJ-Art degenerate","Hymenoptera","Braconidae","Cheloninae",1,1,1,1,6.95,0,6.95,6.95,0,0
"ZBJ_ART_DEG","ZBJ-Art degenerate","Hymenoptera","Braconidae","Doryctinae",1,1,1,1,63.5,0,63.5,63.5,0,0
"ZBJ_ART_DEG","ZBJ-Art degenerate","Hymenoptera","Braconidae","Meteorinae",1,1,1,1,26.3,6.45,32.75,32.75,0,0
"ZBJ_ART_DEG","ZBJ-Art degenerate","Hymenoptera","Braconidae","Microgastrinae",3,3,3,1,6.95,0,6.95,6.95,0,0
"ZBJ_ART_DEG","ZBJ-Art degenerate","Hymenoptera","Braconidae","Opiinae",1,1,1,1,143.43,0,143.43,143.43,0,0
"ZBJ_ART_DEG","ZBJ-Art degenerate","Hymenoptera","Chalcididae","Haltichellinae",1,1,1,1,39.7,113.12,152.82,152.82,0,0
"ZBJ_ART_DEG","ZBJ-Art degenerate","Hymenoptera","Colletidae","Colletinae",1,1,1,1,494.95,0,494.95,494.95,0,1
"ZBJ_ART_DEG","ZBJ-Art degenerate","Hymenoptera","Crabronidae","Philanthinae",1,1,1,1,299.45,49.2,348.65,348.65,0,1
"ZBJ_ART_DEG","ZBJ-Art degenerate","Hymenoptera","Cynipidae","Cynipinae",7,7,7,1,6.95,74.7,81.65,345.37,0,0.142857142857143
"ZBJ_ART_DEG","ZBJ-Art degenerate","Hymenoptera","Diprionidae","Diprioninae",4,4,4,1,33.075,8.825,38.675,67.465,0,0
"ZBJ_ART_DEG","ZBJ-Art degenerate","Hymenoptera","Encyrtidae","Encyrtinae",6,6,6,1,40.15,78.2,123.285,166.085,0,0
"ZBJ_ART_DEG","ZBJ-Art degenerate","Hymenoptera","Encyrtidae","Tetracneminae",1,1,1,1,40.15,49.2,89.35,89.35,0,0
"ZBJ_ART_DEG","ZBJ-Art degenerate","Hymenoptera","Eulophidae","Tetrastichinae",1,1,1,1,19.75,49.2,68.95,68.95,0,0
"ZBJ_ART_DEG","ZBJ-Art degenerate","Hymenoptera","Eupelmidae","Eupelminae",1,1,1,1,10.15,106.52,116.67,116.67,0,0
"ZBJ_ART_DEG","ZBJ-Art degenerate","Hymenoptera","Eurytomidae","Eurytominae",1,1,1,1,40.15,67,107.15,107.15,0,0
"ZBJ_ART_DEG","ZBJ-Art degenerate","Hymenoptera","Figitidae","Eucoilinae",1,1,1,1,208.05,106.52,314.57,314.57,0,0
"ZBJ_ART_DEG","ZBJ-Art degenerate","Hymenoptera","Formicidae","Dolichoderinae",4,3,4,1,491.75,121.52,613.27,789.579,0,1
"ZBJ_ART_DEG","ZBJ-Art degenerate","Hymenoptera","Formicidae","Formicinae",6,4,6,1,491.75,73.45,567.575,596.445,0,1
"ZBJ_ART_DEG","ZBJ-Art degenerate","Hymenoptera","Formicidae","Myrmicinae",14,14,14,1,551.5,70.225,690.585,780.8,0,1
"ZBJ_ART_DEG","ZBJ-Art degenerate","Hymenoptera","Formicidae","Paraponerinae",1,1,1,1,548.3,67,615.3,615.3,0,1
"ZBJ_ART_DEG","ZBJ-Art degenerate","Hymenoptera","Formicidae","Ponerinae",2,2,2,1,521.625,54.8,576.425,604.805,0,1
"ZBJ_ART_DEG","ZBJ-Art degenerate","Hymenoptera","Formicidae","Pseudomyrmecinae",2,2,2,1,491.75,78.2,569.95,569.95,0,1
"ZBJ_ART_DEG","ZBJ-Art degenerate","Hymenoptera","Ichneumonidae","Agriotypinae",1,1,1,1,6.95,6.45,13.4,13.4,0,0
"ZBJ_ART_DEG","ZBJ-Art degenerate","Hymenoptera","Ichneumonidae","Pimplinae",1,1,1,1,26.3,0,26.3,26.3,0,0
"ZBJ_ART_DEG","ZBJ-Art degenerate","Hymenoptera","Megachilidae","Megachilinae",1,1,1,1,616.25,7.85,624.1,624.1,0,1
"ZBJ_ART_DEG","ZBJ-Art degenerate","Hymenoptera","Pamphiliidae","Cephalciinae",1,1,0,0,,46.12,,,,
"ZBJ_ART_DEG","ZBJ-Art degenerate","Hymenoptera","Pteromalidae","Pteromalinae",2,1,2,1,59.35,52.425,111.775,114.355,0,0
"ZBJ_ART_DEG","ZBJ-Art degenerate","Hymenoptera","Scelionidae","Telenominae",1,1,1,1,84.5,11.2,95.7,95.7,0,0
"ZBJ_ART_DEG","ZBJ-Art degenerate","Hymenoptera","Tenthredinidae","Allantinae",4,4,4,1,3.2,5.1,8.3,36.22,0,0
"ZBJ_ART_DEG","ZBJ-Art degenerate","Hymenoptera","Tenthredinidae","Heterarthrinae",4,4,4,1,3.2,0,3.2,3.2,0,0
"ZBJ_ART_DEG","ZBJ-Art degenerate","Hymenoptera","Tenthredinidae","Hoplocampinae",1,1,0,0,,0,,,,
"ZBJ_ART_DEG","ZBJ-Art degenerate","Hymenoptera","Tenthredinidae","Nematinae",3,3,2,0.666666666666667,129.635,7.85,135.235,165.447,0,0.5
"ZBJ_ART_DEG","ZBJ-Art degenerate","Hymenoptera","Tenthredinidae","Selandriinae",4,3,4,1,3.2,0,3.2,7.715,0,0
"ZBJ_ART_DEG","ZBJ-Art degenerate","Hymenoptera","Tenthredinidae","Tenthredininae",6,6,5,0.833333333333333,3.2,0,3.2,3.2,0,0
"ZBJ_ART_DEG","ZBJ-Art degenerate","Hymenoptera","Vespidae","Eumeninae",1,1,1,1,224.17,19.05,243.22,243.22,0,0
"ZBJ_ART_DEG","ZBJ-Art degenerate","Hymenoptera","Vespidae","Polistinae",5,5,5,1,0,0,0,122.73,0.8,0.2
"ZBJ_ART_DEG","ZBJ-Art degenerate","Hymenoptera","Vespidae","Stenogastrinae",1,1,1,1,6.95,0,6.95,6.95,0,0
"ZBJ_ART_DEG","ZBJ-Art degenerate","Hymenoptera","Vespidae","Vespinae",6,5,6,1,491.75,34.25,526,689.6,0,1
"ZBJ_ART_DEG","ZBJ-Art degenerate","Lepidoptera","Bombycidae","Bombycinae",66,3,66,1,0,0,0,0,1,0
"ZBJ_ART_DEG","ZBJ-Art degenerate","Lepidoptera","Cosmopterigidae","Antequerinae",1,1,1,1,0,0,0,0,1,0
"ZBJ_ART_DEG","ZBJ-Art degenerate","Lepidoptera","Cossidae","Zeuzerinae",1,1,1,1,0,0,0,0,1,0
"ZBJ_ART_DEG","ZBJ-Art degenerate","Lepidoptera","Crambidae","Crambinae",1,1,1,1,0,0,0,0,1,0
"ZBJ_ART_DEG","ZBJ-Art degenerate","Lepidoptera","Crambidae","Pyraustinae",3,3,3,1,0,0,0,0,1,0
"ZBJ_ART_DEG","ZBJ-Art degenerate","Lepidoptera","Crambidae","Spilomelinae",5,5,5,1,0,0,0,6.45,0.6,0
"ZBJ_ART_DEG","ZBJ-Art degenerate","Lepidoptera","Erebidae","Aganainae",1,1,1,1,0,0,0,0,1,0
"ZBJ_ART_DEG","ZBJ-Art degenerate","Lepidoptera","Erebidae","Calpinae",2,2,2,1,0,5.6,5.6,10.08,0.5,0
"ZBJ_ART_DEG","ZBJ-Art degenerate","Lepidoptera","Erebidae","Erebinae",4,4,4,1,0,0,0,0,1,0
"ZBJ_ART_DEG","ZBJ-Art degenerate","Lepidoptera","Erebidae","Scoliopteryginae",1,1,1,1,0,6.45,6.45,6.45,0,0
"ZBJ_ART_DEG","ZBJ-Art degenerate","Lepidoptera","Gelechiidae","Apatetrinae",1,1,1,1,0,0,0,0,1,0
"ZBJ_ART_DEG","ZBJ-Art degenerate","Lepidoptera","Gelechiidae","Aristoteliinae",1,1,1,1,0,0,0,0,1,0
"ZBJ_ART_DEG","ZBJ-Art degenerate","Lepidoptera","Gelechiidae","Gelechiinae",2,2,2,1,0,0,0,0,1,0
"ZBJ_ART_DEG","ZBJ-Art degenerate","Lepidoptera","Geometridae","Ennominae",4,4,4,1,0,0,0,0,1,0
"ZBJ_ART_DEG","ZBJ-Art degenerate","Lepidoptera","Hesperiidae","Coeliadinae",1,1,1,1,0,0,0,0,1,0
"ZBJ_ART_DEG","ZBJ-Art degenerate","Lepidoptera","Hesperiidae","Hesperiinae",2,2,2,1,0,2.8,2.8,5.04,0.5,0
"ZBJ_ART_DEG","ZBJ-Art degenerate","Lepidoptera","Hesperiidae","Pyrginae",1,1,1,1,0,0,0,0,1,0
"ZBJ_ART_DEG","ZBJ-Art degenerate","Lepidoptera","Hesperiidae","Tagiadinae",4,4,4,1,0,11.2,11.2,11.2,0,0
"ZBJ_ART_DEG","ZBJ-Art degenerate","Lepidoptera","Lasiocampidae","Lasiocampinae",1,1,1,1,0,0,0,0,1,0
"ZBJ_ART_DEG","ZBJ-Art degenerate","Lepidoptera","Lycaenidae","Polyommatinae",1,1,1,1,0,0,0,0,1,0
"ZBJ_ART_DEG","ZBJ-Art degenerate","Lepidoptera","Lycaenidae","Theclinae",2,2,2,1,0,0,0,0,1,0
"ZBJ_ART_DEG","ZBJ-Art degenerate","Lepidoptera","Noctuidae","Acronictinae",2,2,2,1,7,8.825,15.825,23.325,0,0
"ZBJ_ART_DEG","ZBJ-Art degenerate","Lepidoptera","Noctuidae","Agaristinae",1,1,1,1,0,6.45,6.45,6.45,0,0
"ZBJ_ART_DEG","ZBJ-Art degenerate","Lepidoptera","Noctuidae","Amphipyrinae",39,1,39,1,0,11.2,11.2,11.2,0,0
"ZBJ_ART_DEG","ZBJ-Art degenerate","Lepidoptera","Noctuidae","Heliothinae",1,1,1,1,0,11.2,11.2,11.2,0,0
"ZBJ_ART_DEG","ZBJ-Art degenerate","Lepidoptera","Noctuidae","Noctuinae",5,4,5,1,0,0,0,11.2,0.6,0
"ZBJ_ART_DEG","ZBJ-Art degenerate","Lepidoptera","Noctuidae","Plusiinae",1,1,1,1,0,0,0,0,1,0
"ZBJ_ART_DEG","ZBJ-Art degenerate","Lepidoptera","Notodontidae","Notodontinae",1,1,1,1,0,0,0,0,1,0
"ZBJ_ART_DEG","ZBJ-Art degenerate","Lepidoptera","Notodontidae","Pygaerinae",1,1,1,1,0,0,0,0,1,0
"ZBJ_ART_DEG","ZBJ-Art degenerate","Lepidoptera","Nymphalidae","Apaturinae",2,2,2,1,7,5.6,12.6,22.68,0.5,0
"ZBJ_ART_DEG","ZBJ-Art degenerate","Lepidoptera","Nymphalidae","Calinaginae",1,1,1,1,0,0,0,0,1,0
"ZBJ_ART_DEG","ZBJ-Art degenerate","Lepidoptera","Nymphalidae","Charaxinae",2,2,2,1,0,0,0,0,1,0
"ZBJ_ART_DEG","ZBJ-Art degenerate","Lepidoptera","Nymphalidae","Heliconiinae",3,3,3,1,0,0,0,5.16,0.666666666666667,0
"ZBJ_ART_DEG","ZBJ-Art degenerate","Lepidoptera","Nymphalidae","Limenitidinae",6,6,6,1,0,0,0,0,1,0
"ZBJ_ART_DEG","ZBJ-Art degenerate","Lepidoptera","Nymphalidae","Nymphalinae",5,4,5,1,0,0,0,0,1,0
"ZBJ_ART_DEG","ZBJ-Art degenerate","Lepidoptera","Nymphalidae","Satyrinae",8,8,8,1,0,6.45,6.45,17.65,0.375,0
"ZBJ_ART_DEG","ZBJ-Art degenerate","Lepidoptera","Papilionidae","Papilioninae",5,5,5,1,0,0,0,13.17,0.6,0
"ZBJ_ART_DEG","ZBJ-Art degenerate","Lepidoptera","Papilionidae","Parnassiinae",6,6,6,1,0,0,0,12.125,0.666666666666667,0
"ZBJ_ART_DEG","ZBJ-Art degenerate","Lepidoptera","Pieridae","Coliadinae",1,1,1,1,0,6.45,6.45,6.45,0,0
"ZBJ_ART_DEG","ZBJ-Art degenerate","Lepidoptera","Pieridae","Pierinae",7,4,7,1,0,0,0,21.658,0.571428571428571,0
"ZBJ_ART_DEG","ZBJ-Art degenerate","Lepidoptera","Psychidae","Oiketicinae",1,1,1,1,169.8,10.75,180.55,180.55,0,1
"ZBJ_ART_DEG","ZBJ-Art degenerate","Lepidoptera","Pyralidae","Phycitinae",2,2,2,1,7,0,7,12.6,0.5,0
"ZBJ_ART_DEG","ZBJ-Art degenerate","Lepidoptera","Saturniidae","Bunaeinae",1,1,1,1,0,6.45,6.45,6.45,0,0
"ZBJ_ART_DEG","ZBJ-Art degenerate","Lepidoptera","Saturniidae","Saturniinae",2,2,2,1,0,6.45,6.45,6.45,0,0
"ZBJ_ART_DEG","ZBJ-Art degenerate","Lepidoptera","Sphingidae","Macroglossinae",2,2,2,1,0,0,0,0,1,0
"ZBJ_ART_DEG","ZBJ-Art degenerate","Lepidoptera","Sphingidae","Smerinthinae",4,4,4,1,0,0,0,4.515,0.75,0
"ZBJ_ART_DEG","ZBJ-Art degenerate","Lepidoptera","Sphingidae","Sphinginae",1,1,1,1,0,0,0,0,1,0
"ZBJ_ART_DEG","ZBJ-Art degenerate","Lepidoptera","Tortricidae","Olethreutinae",10,4,10,1,0,0,0,1.76199999999999,0.9,0
"ZBJ_ART_DEG","ZBJ-Art degenerate","Lepidoptera","Tortricidae","Tortricinae",3,3,3,1,0,0,0,0,1,0
"ZBJ_ART_DEG","ZBJ-Art degenerate","Lepidoptera","Zygaenidae","Chalcosiinae",2,2,2,1,7,3.225,10.225,13.245,0,0
