"region_id","taxon_rank","taxon","query","specimens_reported","coi_5p_reported","accessed_on"
"HI_ARCH","class","Insecta","tax:class:Insecta;geo:province/state:Hawaii",5078,4814,"2026-09-23"
"HI_ARCH","order","Coleoptera","tax:order:Coleoptera;geo:province/state:Hawaii",510,491,"2026-09-23"
"HI_ARCH","order","Lepidoptera","tax:order:Lepidoptera;geo:province/state:Hawaii",1360,1320,"2026-09-23"
"HI_ARCH","order","Diptera","tax:order:Diptera;geo:province/state:Hawaii",1622,1582,"2026-09-23"
"HI_ARCH","order","Hymenoptera","tax:order:Hymenoptera;geo:province/state:Hawaii",859,805,"2026-09-23"
"HI_ARCH","family","Crambidae","tax:family:Crambidae;geo:province/state:Hawaii",256,255,"2026-09-23"
"MG_COUNTRY","class","Insecta","tax:class:Insecta;geo:country/ocean:Madagascar",245880,245054,"2026-09-23"
"MG_COUNTRY","order","Coleoptera","tax:order:Coleoptera;geo:country/ocean:Madagascar",16784,16561,"2026-09-23"
"MG_COUNTRY","order","Lepidoptera","tax:order:Lepidoptera;geo:country/ocean:Madagascar",22103,22052,"2026-09-23"
"MG_COUNTRY","order","Diptera","tax:order:Diptera;geo:country/ocean:Madagascar",140395,140329,"2026-09-23"
"MG_COUNTRY","order","Hymenoptera","tax:order:Hymenoptera;geo:country/ocean:Madagascar",45939,45721,"2026-09-23"
"MG_COUNTRY","family","Crambidae","tax:family:Crambidae;geo:country/ocean:Madagascar",522,522,"2026-09-23"
